Affiliated_Code,Affiliated_NAME,POSTALCODE,Engage,Management_Cluster,Location,Tam_m2
WjpeAAD,JULIO-704,18613,2,4,VACATIONAL,>20m2
Wjs7AAD,CAMI-741,3801,2,0,ANY,>20m2
WjvHAAT,PORTUARIOS-047,33212,1,0,ANY,5-10m2
WjwRAAT,PONIENTE-682,8940,2,1,ESCAPE,<2m2
Wk1bAAD,ARZOBISPO-006,3815,1,2,ESCAPE,2-5m2
Wk1YAAT,CERVANTES-152,13640,2,4,ANY,5-10m2
WkGDAA1,CORREDERA-630,6131,1,2,COUNTRYSIDE,5-10m2
WkgfAAD,FLORIDABLANCA-754,8015,2,4,BORDER,5-10m2
WkHsAAL,CONCEPCION-787,36950,2,1,ESCAPE,5-10m2
WkIZAA1,MAGDALENA-712,33009,2,0,ANY,2-5m2
Wkn9AAD,GAVA-602,8014,2,0,BORDER,10-20m2
WknGAAT,NAGUSIA-739,48970,2,0,ANY,10-20m2
WkO0AAL,MODESTO-661,34002,2,1,ANY,2-5m2
WkUtAAL,LEON-736,41009,2,0,CITY,2-5m2
WkV8AAL,CONJUNTO-701,29749,1,1,LEISURE,N.D.
WkZdAAL,CATALUNYA-641,8757,3,4,VILLAGE,5-10m2
Wl1IAAT,SANTA-617,8690,2,2,ANY,5-10m2
WlP5AAL,DOCTOR-605,18750,2,0,VACATIONAL,5-10m2
WqbzAAD,CARDENAL-580,27400,3,2,ANY,2-5m2
WqcaAAD,REINANTE-360,27700,2,2,VILLAGE,5-10m2
WqcqAAD,PELOTARI-576,20115,2,0,ANY,10-20m2
WqefAAD,FUEROS-381,24286,2,4,COUNTRYSIDE,10-20m2
WqeUAAT,LEITZA-565,20400,2,0,ANY,5-10m2
WqgXAAT,CARBONEROS-430,28048,2,1,COUNTRYSIDE,N.D.
WqhAAAT,PABLO-352,4003,2,4,ANY,10-20m2
WqiFAAT,REAL-540,11540,2,4,ANY,N.D.
WselAAD,ALEMANIA-330,6600,2,0,COUNTRYSIDE,>20m2
WsQdAAL,MIRAMAR-445,11010,2,4,ANY,10-20m2
WsubAAD,IGLESIA-492,28595,2,2,COUNTRYSIDE,N.D.
WsumAAD,VILLAMIANA-316,33199,1,0,ANY,N.D.
WsusAAD,MANTEROLA-410,37800,2,2,ANY,5-10m2
Wt0vAAD,ESPERANTO-551,29007,2,1,CITY,N.D.
WtcEAAT,OBISPO-442,10630,2,0,COUNTRYSIDE,10-20m2
WTcSAAX,ARCADIO-003,27880,2,0,VILLAGE,5-10m2
WtCZAA1,VIRGEN-321,13200,2,4,ANY,5-10m2
WtdbAAD,TXONTXOENASOLO-465,48130,2,2,ANY,N.D.
WtdmAAD,AORNO-555,41008,2,1,ANY,<2m2
WteLAAT,DANSA-410,17530,2,4,ANY,5-10m2
WTgTAAX,BARRERA-282,18612,1,0,VILLAGE,10-20m2
WTlCAAX,ANXELES-152,15280,2,2,ANY,N.D.
WtluAAD,PUNTA-362,13240,2,0,VILLAGE,10-20m2
WtmgAAD,PINTOR-590,46400,2,0,VACATIONAL,N.D.
WtmnAAD,ANTONIO-360,41440,3,4,ANY,20-30m2
WTn0AAH,CASALONGA-CALO-269,15895,2,4,ANY,N.D.
WtnlAAD,JORGE-300,21620,2,0,VILLAGE,2-5m2
WTnrAAH,CAMPO-101,15121,2,2,COUNTRYSIDE,N.D.
WtOgAAL,CONSTITUCION-341,41804,2,4,VILLAGE,5-10m2
WtrsAAD,REAL-354,18101,2,0,ANY,2-5m2
Wtu4AAD,TIERRALLANA-353,27377,2,2,ANY,N.D.
WTxJAAX,ZAMORA-073,2001,3,1,CITY,5-10m2
WTzPAAX,CONGOSTRA-265,36626,2,2,VILLAGE,5-10m2
WU1MAAX,CHICA-053,37258,1,4,VILLAGE,N.D.
WjivAAD,REAL-620,27320,2,2,COUNTRYSIDE,10-20m2
WjjiAAD,GELTOKI-659,20160,2,4,BORDER,N.D.
WjjwAAD,ESTUDIOS-792,28012,2,4,LEISURE,5-10m2
WjkvAAD,ESCUELA-623,3649,1,4,COUNTRYSIDE,N.D.
WjnzAAD,OTERUELO-069,40140,2,4,VILLAGE,N.D.
Wjo4AAD,RAMON-190,46920,2,0,BORDER,5-10m2
WjpcAAD,IGLESIA-712,18740,3,4,VACATIONAL,>30m2
WjroAAD,PILAR-770,12500,3,4,ANY,5-10m2
WjusAAD,PABLO-260,31500,3,4,CITY,10-20m2
WjuuAAD,SANTA-140,32300,2,4,VILLAGE,5-10m2
WjvnAAD,LAPURDI-214,48970,2,2,ANY,10-20m2
WjxoAAD,MIÑO-663,14710,2,2,ANY,2-5m2
WkaMAAT,DOMINGO-604,42190,1,2,ANY,N.D.
Wkb9AAD,L'EXERCIT-762,46700,2,0,ANY,10-20m2
WkIcAAL,NICOLAS-654,33012,2,4,BORDER,10-20m2
WkMoAAL,BLOQUE-664,39140,2,4,VACATIONAL,2-5m2
WkOtAAL,MARIANA-742,41658,2,2,VILLAGE,N.D.
WkUCAA1,CONSTITUCION-612,45470,2,0,VILLAGE,10-20m2
WkvMAAT,LERIDA-746,25110,2,4,VILLAGE,2-5m2
WkZjAAL,LIBRERIA-682,47002,2,1,CITY,2-5m2
WkZsAAL,VALENCIA-739,46940,2,1,ANY,2-5m2
Wl2hAAD,JOSE-721,40005,2,4,VILLAGE,5-10m2
Wl73AAD,ARROYO-791,45006,2,0,VILLAGE,10-20m2
WlHVAA1,SANTALLA-603,24560,2,2,VILLAGE,N.D.
WlLpAAL,VILAR-634,36990,2,0,VILLAGE,2-5m2
WlQEAA1,CORDON-764,12540,2,4,VILLAGE,<2m2
WqacAAD,RAMON-419,28035,1,1,CITY,<2m2
WqaZAAT,ALICUN-518,28033,2,1,ANY,<2m2
WqcsAAD,ALDAPETA-477,20130,2,4,ANY,10-20m2
WqfzAAD,REAL-481,21440,2,1,VILLAGE,5-10m2
WqN8AAL,CASANOVA-507,8011,2,0,CITY,10-20m2
WqZVAA1,LEZO-585,28041,3,4,BORDER,5-10m2
WsKuAAL,GENERAL-593,3014,2,1,BORDER,N.D.
WsRwAAL,DOUTOR-540,15370,2,2,COUNTRYSIDE,5-10m2
WsS0AAL,PASCUAL-320,3001,3,4,CITY,5-10m2
WsuZAAT,GLORIETA-542,28390,2,2,VILLAGE,N.D.
WtAzAAL,TORRENT-452,8304,2,2,ANY,N.D.
WtC3AAL,MAYOR-510,44100,1,2,ANY,N.D.
WtcJAAT,CAMINO-475,46025,2,4,ANY,5-10m2
WtcnAAD,FELIX-421,24855,1,0,COUNTRYSIDE,N.D.
WtcxAAD,NOSTRE-421,3430,2,4,VACATIONAL,10-20m2
Wtd4AAD,ALCAUDON-361,28019,3,1,BORDER,10-20m2
Wte3AAD,ANTOÑETE-408,30600,3,4,VILLAGE,10-20m2
WTfmAAH,RICO-242,21590,2,4,VILLAGE,N.D.
WtJ9AAL,EDUARDO-530,46820,2,4,VILLAGE,2-5m2
WTkFAAX,COMANDANTE-215,1006,2,2,BORDER,5-10m2
WTkMAAX,JARDINES-004,2450,2,4,COUNTRYSIDE,2-5m2
WtmxAAD,PARAL-465,8004,3,0,BORDER,5-10m2
WTnMAAX,AGOSO-OZA-150,15886,2,0,ESCAPE,N.D.
WTo4AAH,RAVAL-161,3111,2,2,VILLAGE,10-20m2
WTocAAH,PUERTA-080,14430,2,4,VILLAGE,>20m2
WtsMAAT,MUSICO-351,3112,2,2,ANY,10-20m2
WtsXAAT,LEOPOLDO-555,33980,2,4,ANY,5-10m2
WTuBAAX,PORTUGAL-228,6100,3,1,ANY,<2m2
WjkGAAT,ALFONSO-741,28035,2,4,CITY,2-5m2
WjxcAAD,SANT-612,8733,1,2,VILLAGE,N.D.
Wk72AAD,MAYOR-041,45370,2,4,VILLAGE,N.D.
Wk7SAAT,POLVILLO-106,41320,2,2,COUNTRYSIDE,N.D.
Wk87AAD,CUARTELES-171,29002,3,1,CITY,2-5m2
WkilAAD,LARRATUNDU-624,48004,3,0,BORDER,2-5m2
WknDAAT,ALVAR-611,41010,2,4,ANY,<2m2
WkNUAA1,COMPETA-791,29007,2,0,ANY,2-5m2
WkoiAAD,JUAN-603,41710,2,4,VILLAGE,10-20m2
Wkp9AAD,PARROQUIA-613,31740,2,2,VILLAGE,10-20m2
WkU8AAL,FERNANDO-681,46008,3,1,CITY,>30m2
Wkv7AAD,BALSA-720,4600,3,0,VILLAGE,5-10m2
WkvRAAT,REGINO-774,33180,2,0,ANY,5-10m2
Wl0AAAT,MARIANO-655,3300,2,4,VILLAGE,2-5m2
Wl0vAAD,DAMIAN-632,6010,3,1,VILLAGE,5-10m2
Wl2IAAT,BORDEUS-766,8029,2,4,CITY,N.D.
WlaEAAT,ABDON-633,37770,2,2,VILLAGE,5-10m2
WlI3AAL,PONENT-694,43884,1,2,ESCAPE,N.D.
Wqc2AAD,SOBER-ARROJO-430,27460,2,2,COUNTRYSIDE,N.D.
WqceAAD,IGLESARIO-GOIRIZ-301,27818,1,0,COUNTRYSIDE,N.D.
WqcKAAT,MATEO-353,23712,2,0,VILLAGE,>20m2
WqGRAA1,TELEGRAF-436,8041,2,0,BORDER,2-5m2
Wqi5AAD,CARMEN-388,8902,3,4,ANY,5-10m2
WsgkAAD,MANCHITA-560,6400,2,2,VILLAGE,>20m2
WsKrAAL,FOGLIETTI-353,3007,2,1,ANY,5-10m2
WsLZAA1,ALARCOS-302,13002,3,4,ANY,10-20m2
WsnSAAT,BUENOS-566,32200,1,0,COUNTRYSIDE,N.D.
WsQwAAL,VISO-CELTIGOS-591,15339,1,4,ESCAPE,N.D.
WsQYAA1,AVENIDA-531,2600,2,4,VILLAGE,2-5m2
WsvXAAT,JUAN-480,28902,3,1,BORDER,5-10m2
Wt3FAAT,CIUTADANS-340,17004,2,4,CITY,10-20m2
WTaXAAX,IBEROAMERICA-093,23680,2,0,ANY,10-20m2
WTd7AAH,FEDERICO-030,4005,2,2,ANY,5-10m2
WtD8AAL,CARRETERO-478,41100,2,4,BORDER,5-10m2
WtDGAA1,AMPLE-411,43202,2,4,VILLAGE,N.D.
WTdoAAH,CARRETERA-001,24284,2,2,COUNTRYSIDE,N.D.
WTfFAAX,DIEGO-186,28006,2,4,CITY,5-10m2
WTh3AAH,CAÑAVERAS-072,16860,1,2,COUNTRYSIDE,2-5m2
WTidAAH,MAYOR-181,8786,2,0,VILLAGE,2-5m2
WtlZAAT,JUAN-513,46160,2,4,VILLAGE,<2m2
WTmfAAH,ARCOS-161,11648,2,0,VILLAGE,>20m2
WTnBAAX,LOLA-191,11405,2,1,ANY,10-20m2
WTNeAAP,SICILIA-115,8013,3,4,BORDER,5-10m2
WtO8AAL,DARSENA-336,47009,3,2,ANY,5-10m2
WtsHAAT,L'ESCORREDOR-428,12530,2,0,ANY,2-5m2
WtuXAAT,ROSARIO-456,25112,1,0,VILLAGE,<2m2
WTYVAA5,COLON-045,3650,2,1,VILLAGE,>20m2
Wu1PAAT,CERVANTES-520,13340,2,4,COUNTRYSIDE,5-10m2
Wu68AAD,MANUEL-312,36370,2,1,VILLAGE,>20m2
WU6GAAX,CALVO-161,39002,2,1,CITY,2-5m2
WU6PAAX,EZCURDIA-062,33202,2,0,COUNTRYSIDE,2-5m2
Wu76AAD,VALLE-341,32004,2,1,CITY,<2m2
WU9pAAH,HERNANDO-274,41004,2,0,LEISURE,2-5m2
WubDAAT,JESUSA-390,28250,2,1,VILLAGE,2-5m2
WjLxAAL,AMPLE-788,8002,2,0,LEISURE,2-5m2
WjtrAAD,GENERAL-237,47013,3,1,BORDER,20-30m2
Wjw4AAD,MARIA-733,15405,2,4,ANY,5-10m2
Wk0BAAT,JOAN-174,8106,1,2,VILLAGE,N.D.
Wk9sAAD,VASCO-770,6380,2,0,COUNTRYSIDE,2-5m2
Wka4AAD,IGREXA-622,36746,1,0,ESCAPE,N.D.
WkbmAAD,PABLO-770,41805,2,4,VILLAGE,5-10m2
WkcQAAT,AYUNTAMIENTO-775,45590,2,2,VILLAGE,N.D.
WkISAA1,ADOLFO-731,28410,2,2,VILLAGE,5-10m2
Wkm1AAD,RAMON-080,46510,2,4,ESCAPE,N.D.
WkofAAD,VILLANUEVA-730,36880,2,0,ESCAPE,N.D.
WkONAA1,CONSTITUCION-611,34820,2,4,ANY,10-20m2
Wkp3AAD,ANDALUCIA-720,23400,2,0,ANY,10-20m2
WkpdAAD,JESUS-633,17410,3,4,VILLAGE,>30m2
WkSrAAL,PENELAS-750,32112,1,1,ESCAPE,N.D.
WkTgAAL,REAL-730,45140,2,2,COUNTRYSIDE,10-20m2
WkugAAD,NUEVA-769,19222,1,0,COUNTRYSIDE,N.D.
Wl03AAD,PAIS-730,46360,2,1,VILLAGE,10-20m2
Wl2EAAT,REINA-680,42150,2,0,ANY,N.D.
Wl6tAAD,CARMEN-631,48340,2,2,ANY,N.D.
WlJjAAL,BLANCO-743,46140,2,4,VACATIONAL,N.D.
WlLEAA1,REAL-770,28214,2,0,COUNTRYSIDE,N.D.
WlN4AAL,JARDINES-780,48003,2,0,ANY,10-20m2
WlONAA1,POZO-760,21730,2,4,VILLAGE,10-20m2
Wqa3AAD,BETANZOS-591,28029,3,0,BORDER,2-5m2
Wqa7AAD,ESCALONA-484,28024,2,0,ANY,5-10m2
WqcYAAT,SANT-462,17200,2,4,BORDER,2-5m2
WqelAAD,ABENCERRAJES-497,18008,2,0,VILLAGE,10-20m2
WqfpAAD,ROCAFORT-481,28021,2,4,BORDER,N.D.
WsLkAAL,NOVA-437,8471,2,2,VILLAGE,5-10m2
WsMaAAL,ENRIQUE-341,13440,2,2,VILLAGE,10-20m2
WsQoAAL,DOCTOR-370,13200,2,4,ANY,10-20m2
WsQtAAL,CRUCERO-ANDRADE-544,15614,1,0,VILLAGE,N.D.
Wt1ZAAT,ZUBIARTE-563,31620,2,0,VILLAGE,10-20m2
Wt3OAAT,COMARQUES-437,43740,2,4,VILLAGE,5-10m2
WTa5AAH,MARQUES-281,26005,3,1,ANY,5-10m2
WTbnAAH,LLIBERTAT-140,17100,2,0,VILLAGE,10-20m2
WTbRAAX,MANUEL-150,19118,1,2,COUNTRYSIDE,>30m2
WtC1AAL,PEREIRO-552,32710,1,2,ESCAPE,N.D.
WtCNAA1,TRES-434,46018,3,4,ANY,2-5m2
WTd5AAH,NARVAEZ-206,28009,2,1,CITY,10-20m2
WTdgAAH,CIUDAD-204,28007,3,4,CITY,5-10m2
WtDhAAL,SANTA-551,50003,2,0,BORDER,10-20m2
WTdiAAH,MAYOR-235,20214,1,4,VILLAGE,10-20m2
WTi0AAH,GIRONA-274,17160,2,4,VILLAGE,<2m2
WtILAA1,VENIDA-380,21730,2,0,VILLAGE,5-10m2
WTioAAH,LERMA-011,9342,1,2,CITY,2-5m2
WTmkAAH,PIEDRABUENA-270,13108,1,0,COUNTRYSIDE,N.D.
WtmQAAT,ALFONSO-480,30203,3,2,CITY,10-20m2
WtnuAAD,MADRE-351,41620,2,2,VILLAGE,N.D.
WToBAAX,ANCHA-151,14840,2,0,VILLAGE,5-10m2
WTr2AAH,PABLO-290,6200,2,4,ANY,5-10m2
Wtu8AAD,HERMANOS-420,2004,3,4,ANY,5-10m2
Wtv2AAD,JOSE-440,3340,2,0,VILLAGE,10-20m2
WjeaAAD,HUESCA-711,26002,2,4,ANY,5-10m2
WjkBAAT,OVIDIO-752,18014,3,1,CITY,10-20m2
WjqgAAD,SANT-654,17170,2,2,VILLAGE,N.D.
WjqqAAD,RIBALTA-634,12001,2,2,CITY,10-20m2
WjqTAAT,POSTIGOS-760,14500,2,0,ANY,2-5m2
WjvKAAT,CARABELA-130,36300,3,4,ANY,2-5m2
WjyJAAT,METRO-636,8902,3,1,BORDER,10-20m2
Wk8aAAD,ANDALUCIA-102,29108,1,0,VILLAGE,<2m2
WkabAAD,ALFAMBRA-646,8034,3,1,CITY,5-10m2
WkHrAAL,ALCALDE-696,36214,2,2,ANY,2-5m2
WkiHAAT,SERRERIA-707,46011,3,4,CITY,10-20m2
WkIPAA1,PUERTA-633,28360,2,4,VILLAGE,N.D.
WkIRAA1,MAYOR-780,28720,2,4,VACATIONAL,5-10m2
WklxAAD,JORGE-135,46100,2,1,ANY,<2m2
WkN0AAL,SCHULZ-724,33208,2,0,BORDER,>20m2
WknRAAT,BARRANCO-701,18413,2,2,COUNTRYSIDE,10-20m2
WkuDAAT,MAJOR-731,46418,2,4,ESCAPE,<2m2
WkuHAAT,PASTORIZA-756,15704,2,0,ANY,<2m2
Wkw1AAD,VIRREY-730,14850,3,0,VILLAGE,<2m2
WkxSAAT,EMBAJADORES-115,28012,2,4,BORDER,10-20m2
Wl0JAAT,EXTREMADURA-666,41970,2,4,VILLAGE,5-10m2
Wl2HAAT,GUSTAVO-682,16415,2,4,COUNTRYSIDE,N.D.
Wl31AAD,PORTUGAL-640,47400,2,4,ANY,5-10m2
WlH0AAL,ANCHA-732,15250,2,4,ESCAPE,10-20m2
WlPyAAL,SANT-685,8037,2,0,CITY,2-5m2
WlQOAA1,CANALEJAS-723,8028,2,0,BORDER,N.D.
WqaOAAT,BENIDORM-513,3509,2,4,VACATIONAL,N.D.
WqbCAAT,CARRERA-508,23650,2,4,ANY,10-20m2
WqflAAD,VALENCIA-566,28012,2,4,BORDER,<2m2
WqfNAAT,GRAN-442,28013,3,4,LEISURE,2-5m2
WqizAAD,PALAMOS-456,17460,2,1,VILLAGE,N.D.
WqZvAAL,NAVARRA-455,26141,2,4,VILLAGE,5-10m2
WseyAAD,EXTREMADURA-430,6850,2,2,VILLAGE,5-10m2
WsK2AAL,FINISTERRE-480,15141,3,4,VILLAGE,2-5m2
Wsm4AAD,RAMON-382,5635,1,2,COUNTRYSIDE,N.D.
WsMmAAL,VERGE-583,8950,1,1,BORDER,N.D.
WsMtAAL,REAL-542,10261,1,4,COUNTRYSIDE,N.D.
Wt1HAAT,REQUEJADA-317,39312,2,4,VILLAGE,N.D.
Wt1wAAD,JESUS-491,4004,3,4,CITY,5-10m2
Wt23AAD,VENTURA-316,31110,3,4,VILLAGE,20-30m2
Wt3QAAT,ESTACION-425,45610,2,2,ESCAPE,N.D.
WTaNAAX,CARLOS-196,4720,3,0,VILLAGE,5-10m2
WTecAAH,GENERAL-160,28025,2,4,BORDER,<2m2
WTemAAH,PLAYA-286,21459,2,4,VACATIONAL,>20m2
WThUAAX,PABLO-021,16411,2,4,ESCAPE,2-5m2
WtHXAA1,TORNERIAS-411,45001,1,4,ANY,N.D.
WtI0AAL,PAULINO-482,31003,2,2,CITY,2-5m2
WtJUAA1,JOSE-425,39110,2,0,VILLAGE,N.D.
WTkaAAH,MALPICA-005,13170,2,2,VILLAGE,10-20m2
WTl1AAH,MAYOR-060,13400,2,0,COUNTRYSIDE,5-10m2
WtmGAAT,ANDALUCIA-472,23749,2,2,VILLAGE,>30m2
WTotAAH,JACINTO-268,7004,3,1,ANY,>30m2
WtUoAAL,CONSTITUCION-320,7100,2,2,VILLAGE,10-20m2
WtuxAAD,VALLROMANES-547,8188,2,2,VILLAGE,N.D.
WjkxAAD,VALLEHERMOSO-640,28015,1,1,LEISURE,2-5m2
WjlVAAT,PUERTO-612,24144,1,0,COUNTRYSIDE,N.D.
WjphAAD,GUADARRAMA-791,28011,2,0,ANY,2-5m2
WjrNAAT,CRUZ-792,8660,2,2,VILLAGE,5-10m2
WjwrAAD,MAYOR-660,13328,1,2,COUNTRYSIDE,N.D.
Wk26AAD,SERGUDE-266,15182,2,0,COUNTRYSIDE,N.D.
Wka3AAD,NEGRILLOS-691,14240,2,0,VILLAGE,10-20m2
WkC4AAL,FERIA-603,6430,2,2,COUNTRYSIDE,20-30m2
WkcIAAT,MESTRE-713,7360,2,2,VILLAGE,5-10m2
WknQAAT,SANTIAGO-720,31700,2,2,VILLAGE,5-10m2
WkntAAD,MONTEAGUDO-792,16220,2,4,VILLAGE,10-20m2
WkpaAAD,DONANTES-710,31013,2,1,ANY,N.D.
WkthAAD,COMERCIO-650,1170,2,2,ANY,N.D.
WktIAAT,SANTA-752,46200,3,0,ANY,5-10m2
Wl7UAAT,MARTINEZ-680,23003,2,2,ANY,5-10m2
WlC1AAL,MARTIN-292,31011,2,0,ANY,2-5m2
WlITAA1,ALFOLI-671,28280,3,4,ANY,10-20m2
WlPxAAL,GENERALITAT-765,8780,3,2,VILLAGE,5-10m2
WlQFAA1,HERMANOS-696,28970,2,4,VILLAGE,5-10m2
WlRFAA1,MARIA-791,37005,3,1,LEISURE,5-10m2
Wqa2AAD,MARTINEZ-401,28021,3,1,BORDER,10-20m2
WqadAAD,CAPITAN-369,28020,2,0,LEISURE,<2m2
WqbBAAT,CONSTITUCION-367,23640,3,2,ANY,2-5m2
WqbJAAT,JESUS-340,23740,2,0,ANY,>20m2
Wqc6AAD,LANGRAIZ-488,1230,2,2,ANY,5-10m2
WqfPAAT,VIRGEN-443,21006,2,4,ANY,2-5m2
WqFrAAL,SIERVAS-470,1001,2,2,ANY,2-5m2
WqNjAAL,FELIP-513,8027,2,4,BORDER,20-30m2
WqZUAA1,CONDESA-330,19001,2,1,VILLAGE,>20m2
WsKoAAL,REAL-305,10820,2,2,COUNTRYSIDE,2-5m2
WskwAAD,VECINAL-508,7013,2,4,VILLAGE,5-10m2
WsMWAA1,ALAMILLO-581,13414,1,2,ESCAPE,N.D.
WsQcAAL,COLONIA-536,3016,2,4,CITY,5-10m2
WsQWAA1,VIRGEN-476,8830,2,0,ANY,2-5m2
WsREAA1,GREGORIO-451,13300,2,0,VILLAGE,10-20m2
WsSKAA1,CORDOBA-333,14192,1,2,CITY,10-20m2
WsSsAAL,IGLESIA-523,16373,2,2,COUNTRYSIDE,<2m2
WsvAAAT,SIERRA-384,4700,2,0,VILLAGE,2-5m2
WsvDAAT,CAMINO-462,33420,2,1,ANY,10-20m2
WsvfAAD,REAL-329,4240,3,4,VILLAGE,2-5m2
WTblAAH,MAJOR-059,17493,1,0,VILLAGE,N.D.
WtBzAAL,ALCALDE-414,33450,2,0,ANY,5-10m2
WtdaAAD,CAMIONEROS-322,30332,2,4,ANY,5-10m2
WtDHAA1,DUQUE-453,40466,1,0,VILLAGE,N.D.
WtDWAA1,MARIA-338,50018,2,4,VILLAGE,10-20m2
WTg7AAH,CERRO-034,28026,3,0,BORDER,10-20m2
WTgcAAH,MOLINO-028,3311,2,0,VILLAGE,N.D.
WTgeAAH,CORONA-150,22300,3,0,ANY,>30m2
WTgiAAH,MAYOR-241,22430,2,2,VILLAGE,N.D.
WtHCAA1,ESTRADA-361,15528,1,4,VILLAGE,N.D.
WtHdAAL,CORREDERA-470,41740,2,4,VILLAGE,<2m2
WTiqAAH,POBLA-160,12200,3,0,VILLAGE,2-5m2
WtngAAD,REINA-418,46011,2,0,ANY,10-20m2
WjDXAA1,MUNTANYA-600,8026,2,0,BORDER,5-10m2
WjjCAAT,ANDALUCIA-742,23211,1,0,COUNTRYSIDE,10-20m2
WjryAAD,ABAD-676,8395,2,4,ESCAPE,5-10m2
WjxRAAT,MAYOR-740,3569,2,4,COUNTRYSIDE,5-10m2
Wjy8AAD,MAYOR-740,3778,2,2,VILLAGE,2-5m2
WjyGAAT,MONTEJANO-712,16660,2,0,VILLAGE,5-10m2
WkbZAAT,BARTOMEU-630,7300,2,1,ANY,2-5m2
WkFuAAL,EXTREMADURA-680,6500,2,0,VILLAGE,10-20m2
WkG3AAL,ALONSO-701,6412,2,0,ANY,>20m2
WkHKAA1,ESTEBAN-720,28027,3,1,BORDER,2-5m2
WkHTAA1,CARRETAS-750,2002,3,0,CITY,2-5m2
WkIbAAL,ALCALDE-753,33001,2,0,CITY,N.D.
WkIMAA1,SANTOS-781,28550,2,2,VILLAGE,5-10m2
WkjGAAT,SEBASTIAN-625,7650,2,0,VACATIONAL,5-10m2
WkMpAAL,MARQUES-755,39110,2,0,VILLAGE,2-5m2
WkNaAAL,SERAFIN-631,31007,2,4,CITY,5-10m2
WknKAAT,MOLINO-690,11630,2,4,ANY,20-30m2
WknnAAD,LEOPOLDO-724,46266,2,2,VILLAGE,2-5m2
Wkt5AAD,ZUMABURU-251,20160,2,4,ANY,N.D.
WktjAAD,ESPAÑA-732,50530,1,2,COUNTRYSIDE,N.D.
WkvWAAT,DIEGO-660,21630,2,0,ESCAPE,10-20m2
Wl0lAAD,RONDA-614,46770,2,4,VACATIONAL,5-10m2
WlGlAAL,BARRIO-691,36413,1,1,ANY,2-5m2
WqdQAAT,CORREDERA-512,3400,2,4,VILLAGE,10-20m2
WqfUAAT,BIERZO-312,24300,2,0,VILLAGE,5-10m2
Wqg9AAD,CRUZ-311,18640,2,1,VILLAGE,>20m2
WqhPAAT,ESGLESIA-365,25125,2,0,VILLAGE,2-5m2
WqidAAD,VITORIA-472,9006,2,1,LEISURE,2-5m2
WqjSAAT,MAYOR-410,9340,2,4,ANY,2-5m2
WsM3AAL,FENE-402,15403,2,0,ANY,N.D.
WsMSAA1,JUAN-574,13700,3,0,VILLAGE,5-10m2
WsnUAAT,TEIXUGEUEIRA-597,36212,2,2,ANY,10-20m2
WsRAAA1,NTRA-460,13110,2,4,COUNTRYSIDE,5-10m2
WsS3AAL,IGLESIA-471,8739,1,0,VILLAGE,N.D.
WsS8AAL,PRINCI-522,11406,2,0,ANY,>20m2
WsS9AAL,LARGA-332,11402,2,0,ANY,10-20m2
WsuKAAT,REAL-531,30832,2,2,ESCAPE,5-10m2
WsuLAAT,MAYOR-432,30139,2,4,ANY,10-20m2
Wsx5AAD,MADRID-402,28752,2,2,COUNTRYSIDE,2-5m2
Wt1hAAD,MAYOR-463,34310,1,0,ANY,N.D.
Wt2mAAD,ASUNCION-563,41011,3,0,CITY,20-30m2
WtAkAAL,ESPAÑA-403,6300,2,4,COUNTRYSIDE,10-20m2
WtAuAAL,MARCIAL-573,15005,2,1,CITY,2-5m2
WTb1AAH,RAMON-142,23770,3,4,VILLAGE,5-10m2
WTcMAAX,NARCIS-032,17172,2,0,CITY,N.D.
WTcrAAH,MAYOR-132,23270,2,0,VILLAGE,>20m2
WtCUAA1,SANCHEZ-481,30840,3,0,ANY,5-10m2
WtcXAAT,LUIS-483,46006,2,0,ANY,>30m2
WTcYAAX,DOCTOR-040,28012,3,1,LEISURE,10-20m2
WTdqAAH,DOCTOR-274,24350,2,4,VILLAGE,10-20m2
WtdXAAT,CONSTITUCION-411,26510,2,4,VILLAGE,>20m2
WtdzAAD,LAUREANO-310,8980,2,0,ANY,>20m2
WTekAAH,FEDERICO-013,21004,3,2,ANY,10-20m2
WjitAAD,GALICIA-614,27350,1,0,COUNTRYSIDE,N.D.
WjjQAAT,DUQUE-733,20012,2,2,VILLAGE,2-5m2
WjjvAAD,ESGLESIA-732,17412,3,4,VILLAGE,5-10m2
WjkUAAT,SANTA-752,24234,2,4,COUNTRYSIDE,5-10m2
Wjt6AAD,LLANÇA-281,8015,2,0,CITY,5-10m2
WjyqAAD,CRISTO-751,6640,2,2,COUNTRYSIDE,10-20m2
Wk8GAAT,REINA-080,50008,2,0,BORDER,5-10m2
WkFaAAL,PORTUGAL-749,6509,2,0,VILLAGE,5-10m2
WkMeAAL,BUEN-711,30530,2,0,ANY,5-10m2
WknIAAT,SECTOR-653,21760,1,0,VACATIONAL,N.D.
WkTbAAL,RAMON-773,33205,2,0,ANY,2-5m2
WkTfAAL,ESPAÑA-770,45700,2,2,VILLAGE,N.D.
Wkv9AAD,ANDALUCIA-617,21100,2,2,COUNTRYSIDE,10-20m2
WkVuAAL,LAGO-782,49350,2,2,ANY,2-5m2
WkzHAAT,MAYOLICAS-265,28037,3,4,BORDER,5-10m2
Wl2zAAD,JOSE-690,20730,2,2,VILLAGE,5-10m2
WlNhAAL,DOCTOR-601,43202,3,1,VILLAGE,5-10m2
WlNxAAL,DOMINGO-678,1130,2,2,ANY,N.D.
WlP0AAL,ICARIA-606,8005,3,0,CITY,>30m2
WlPkAAL,MARCOLA-758,20100,1,0,BORDER,5-10m2
WqaXAAT,RUANOVA-561,27001,2,0,ANY,5-10m2
WqbIAAT,REAL-382,23686,1,2,COUNTRYSIDE,N.D.
WqbjAAD,PINTOR-516,3658,2,0,VILLAGE,5-10m2
WqeAAAT,CONDE-416,24280,2,0,VILLAGE,2-5m2
WqfxAAD,BENAVENTE-440,21400,2,2,ANY,10-20m2
WqHAAA1,MAYOR-331,8591,2,2,VILLAGE,5-10m2
WqiQAAT,VIEJA-571,14815,1,0,VILLAGE,N.D.
WsL6AAL,GUILIADE-324,15319,2,2,ANY,5-10m2
WsluAAD,NOVILLAS-492,31530,2,2,VILLAGE,>30m2
WsvCAAT,JUAN-490,30880,3,4,ANY,5-10m2
WswJAAT,GENERAL-501,33570,1,0,COUNTRYSIDE,N.D.
WswRAAT,INDUSTRIA-540,39610,2,0,VILLAGE,5-10m2
WswSAAT,SAINZ-490,39610,2,0,ANY,5-10m2
Wt1cAAD,MAYOR-570,34001,2,0,ANY,10-20m2
WtBYAA1,CEBOLEIRA-330,36214,2,0,VILLAGE,20-30m2
Wtc8AAD,HUERTAS-340,40200,3,4,VILLAGE,5-10m2
WtDAAA1,ARENAL-379,41700,3,4,ANY,2-5m2
WtdPAAT,ALARCON-552,16211,1,2,COUNTRYSIDE,N.D.
WTfbAAH,MAESTRO-193,3660,3,0,ANY,20-30m2
WThmAAH,HERRERO-212,12005,3,0,BORDER,5-10m2
WTjGAAX,CUAUHTEMOC-131,10005,2,1,ANY,20-30m2
WtKJAA1,ARCO-583,47007,2,4,ANY,5-10m2
WtlfAAD,MEXICO-454,36204,2,0,CITY,5-10m2
WTo7AAH,GENERAL-180,11687,2,4,VILLAGE,<2m2
WToSAAX,ERMITA-057,8907,2,1,BORDER,5-10m2
WtsoAAD,ABAD-572,46700,3,4,BORDER,5-10m2
WtywAAD,PUENTEDEY-320,9550,1,0,ANY,5-10m2
WTZbAAP,KALEA-230,1470,2,0,BORDER,2-5m2
WU4qAAH,TRAFALGAR-127,46930,3,1,ANY,20-30m2
WU4XAAX,RIODAMA-113,36992,1,2,ESCAPE,5-10m2
Wu5UAAT,GANDARA-572,15818,1,0,COUNTRYSIDE,N.D.
WU7uAAH,REINA-264,41012,2,4,CITY,5-10m2
WuahAAD,RICARDO-527,28017,2,4,CITY,2-5m2
WjizAAD,FERROCARRIL-786,27310,2,0,COUNTRYSIDE,<2m2
WjrBAAT,MATIAS-640,12520,2,1,ANY,5-10m2
WjrHAAT,SANTA-704,15172,2,4,ANY,>20m2
WjrmAAD,PLASENCIA-782,10839,1,2,ESCAPE,N.D.
WjurAAD,FERNANDO-219,31839,2,0,VILLAGE,10-20m2
WjwOAAT,ARCAY-723,15873,2,0,VILLAGE,N.D.
WjxUAAT,BARCELONA-616,14010,2,1,ANY,5-10m2
Wk8hAAD,EMILIO-164,30740,3,2,ANY,10-20m2
WkaoAAD,MAYOR-669,8110,2,0,ANY,<2m2
WkHhAAL,ANTONIO-734,28810,2,0,VILLAGE,N.D.
Wkj5AAD,VALL-632,46410,3,0,CITY,<2m2
WkMKAA1,CONDE-745,33440,2,4,COUNTRYSIDE,5-10m2
WkncAAD,PIRINEOS-652,43130,2,4,ANY,2-5m2
WkO1AAL,RIVERO-788,39409,2,2,VILLAGE,N.D.
WkO5AAL,FERNANDEZ-752,39300,2,0,ANY,>30m2
Wkp4AAD,JOSE-752,6800,2,0,ANY,>20m2
WkpAAAT,COLON-652,36201,2,0,CITY,2-5m2
WkpkAAD,COTAREL-664,36877,1,0,ANY,N.D.
WkpoAAD,PONTEDENA-723,36967,2,4,ESCAPE,>30m2
WkpRAAT,SANTO-680,11540,2,0,ANY,5-10m2
WkVbAAL,MAYOR-610,43400,2,4,ANY,5-10m2
Wl7tAAD,BERNARDO-788,36670,2,4,VILLAGE,5-10m2
WlJOAA1,MADRID-642,8028,2,4,BORDER,<2m2
WlMQAA1,BENITO-713,36680,3,0,VILLAGE,10-20m2
WlPdAAL,SANTA-701,48980,3,0,CITY,2-5m2
WlWEAA1,ESPAÑA-658,7200,3,4,VILLAGE,10-20m2
WlX5AAL,VIRGEN-772,28830,2,0,BORDER,<2m2
WqdFAAT,PROGRES-355,17142,2,4,VILLAGE,N.D.
WqfrAAD,ALERCE-473,28041,3,0,BORDER,2-5m2
WqglAAD,MAGDALENA-480,25007,2,0,BORDER,<2m2
WqhBAAT,JERONIMA-315,28039,2,1,BORDER,<2m2
Wqi1AAD,LARGA-320,16800,1,4,COUNTRYSIDE,10-20m2
WskhAAD,HERMANOS-364,6880,1,0,VILLAGE,10-20m2
WsLwAAL,CAMPO-512,10529,2,4,ESCAPE,10-20m2
WsTLAA1,RAMON-352,14220,2,4,ANY,10-20m2
Wsv2AAD,NUEVA-598,30562,2,2,VILLAGE,10-20m2
Wsv6AAD,CONSTITUCION-430,30564,2,0,VILLAGE,5-10m2
WswDAAT,CORREDERA-506,30310,1,0,ANY,5-10m2
WTbMAAX,ESTACION-210,19240,2,2,COUNTRYSIDE,>20m2
WtC8AAL,FILIBERTO-556,46470,3,1,ANY,5-10m2
WtcOAAT,LAMADRID-410,33590,1,2,ANY,N.D.
WtDaAAL,MENENDEZ-415,41003,2,0,CITY,2-5m2
WtDJAA1,RIBERA-301,48005,3,1,BORDER,2-5m2
Wte2AAD,SANCHO-311,20010,2,1,CITY,5-10m2
WtI5AAL,SANTA-373,49690,2,2,ANY,2-5m2
WTjpAAH,CANGAS-OUCES-043,15167,2,2,ESCAPE,N.D.
WTkYAAX,HERNAN-124,10330,1,0,COUNTRYSIDE,2-5m2
WTlFAAX,CONSTITUCION-070,8980,2,0,ANY,5-10m2
WTmiAAH,MARE-105,3811,1,2,COUNTRYSIDE,5-10m2
WTpKAAX,BRUNETE-261,2630,3,2,ANY,<2m2
Wts2AAD,VIRGEN-491,46419,2,4,VACATIONAL,<2m2
WtujAAD,SIERRA-343,30009,2,4,ANY,10-20m2
WtX7AAL,D'EN-310,7260,2,4,VILLAGE,N.D.
WjjgAAD,VIRGEN-701,28041,2,4,BORDER,5-10m2
WjkQAAT,ANTSO-614,20500,2,4,ANY,2-5m2
WjowAAD,JORGE-221,28806,3,4,VILLAGE,20-30m2
WjpWAAT,VERGE-751,25264,1,1,VILLAGE,<2m2
WjqKAAT,ALONSO-670,9003,3,1,LEISURE,10-20m2
WjreAAD,MANRESA-636,8250,2,1,VILLAGE,5-10m2
WjvEAAT,PELAYO-281,33400,2,4,BORDER,2-5m2
WjxHAAT,MAYOR-763,8513,2,4,VILLAGE,N.D.
Wk70AAD,FUENTE-082,23330,2,4,ANY,5-10m2
Wkj8AAD,ANGEL-667,43877,2,1,CITY,N.D.
Wko9AAD,PAIS-772,46410,2,1,ANY,2-5m2
WkODAA1,TILOS-641,29006,2,1,ANY,5-10m2
WkoSAAT,PUXMARINA-632,30004,2,4,CITY,2-5m2
Wkv1AAD,VICENTE-720,22580,1,2,VILLAGE,>30m2
Wl0sAAD,NUEVA-632,5492,1,4,COUNTRYSIDE,N.D.
Wl1AAAT,CESAREO-694,50008,3,4,CITY,10-20m2
Wl2bAAD,MERCADO-780,9211,2,0,ANY,2-5m2
Wl77AAD,LUIS-612,23510,2,0,VILLAGE,20-30m2
WlHQAA1,BALLESTEROS-640,22001,2,0,CITY,>30m2
WlLbAAL,MAESTRA-712,23657,2,0,VILLAGE,5-10m2
WlM7AAL,SANTIAGO-691,50678,2,0,COUNTRYSIDE,10-20m2
WlMkAAL,LIBERTAD-650,11001,3,0,ANY,N.D.
WlMlAAL,SANTOS-780,46021,2,4,ANY,2-5m2
WlMOAA1,GUADALQUIVIR-741,11206,1,0,ANY,N.D.
WlNGAA1,GARCIA-755,31002,3,4,CITY,2-5m2
Wqc1AAD,SERODE-CANGAS-556,27437,1,0,COUNTRYSIDE,N.D.
WqdfAAD,ANDALUCIA-520,23300,2,4,COUNTRYSIDE,5-10m2
WqdkAAD,PADRE-390,24002,2,4,CITY,2-5m2
WqeZAAT,REAL-463,24195,3,2,ANY,10-20m2
WqhbAAD,EUCALIPTO-472,18697,3,2,VACATIONAL,10-20m2
WqhcAAD,GARCIA-373,18680,3,0,VILLAGE,>30m2
WqiyAAD,SANT-555,17164,2,2,VILLAGE,N.D.
WqiZAAT,ALONSO-351,16410,2,2,VILLAGE,20-30m2
WqNfAAL,TRAVESSERA-521,8021,3,4,CITY,5-10m2
WsbPAAT,CANTARRANAS-321,6760,2,2,COUNTRYSIDE,2-5m2
WslsAAD,COMANDANTE-351,31540,2,2,VILLAGE,20-30m2
WsMTAA1,SOCUELLAMOS-384,13700,3,0,VILLAGE,10-20m2
WsReAAL,RONDA-390,11688,1,4,VILLAGE,>20m2
WsSMAA1,ROSALES-490,14850,2,4,ANY,<2m2
WswQAAT,PRIMERO-526,39011,3,0,BORDER,10-20m2
Wsx4AAD,REAL-550,28192,2,2,COUNTRYSIDE,N.D.
Wt1sAAD,PANERON-351,29003,2,1,ANY,<2m2
Wt2tAAD,GATOMORTO-S-420,36151,1,2,ESCAPE,N.D.
Wt39AAD,SANTO-470,27001,2,1,CITY,10-20m2
WtBdAAL,CARNICERIAS-490,45600,2,4,ANY,10-20m2
WtBKAA1,ANDALUCIA-421,41750,2,2,VILLAGE,2-5m2
WTc9AAH,VIRGEN-030,23100,2,0,VILLAGE,5-10m2
WTcZAAX,CAMINO-271,28030,2,0,BORDER,10-20m2
WtDIAA1,SUBIDA-510,40300,1,2,VILLAGE,<2m2
WTe2AAH,ACACIAS-055,28005,2,0,CITY,10-20m2
WTfMAAX,NUEVA-020,21520,2,0,ESCAPE,5-10m2
WTg2AAH,VIRGEN-242,18270,2,4,VILLAGE,2-5m2
WtHvAAL,CARLET-542,46250,2,4,VILLAGE,2-5m2
Wtm8AAD,MAYOR-430,40520,2,2,VILLAGE,10-20m2
Wjl4AAD,ALONSO-757,21500,1,1,VILLAGE,N.D.
WjldAAD,MONDARIZ-754,28029,2,0,ANY,<2m2
WjN5AAL,ARIZALA-636,8028,2,4,BORDER,2-5m2
WjpMAAT,SARGENTO-661,21870,2,2,VILLAGE,5-10m2
WjxlAAD,VIÑUELA-608,14010,2,0,BORDER,2-5m2
Wk6yAAD,ANDALUCIA-023,23210,2,2,VILLAGE,N.D.
WkGaAAL,EMPEDRADA-740,29300,2,4,VILLAGE,10-20m2
WkgPAAT,BAJA-784,44459,1,4,ANY,N.D.
WkHIAA1,CASTELLANA-797,28046,2,3,CITY,2-5m2
WkILAA1,MAYOR-641,28540,2,2,VILLAGE,N.D.
WkNKAA1,PRUDENCIO-770,33850,1,1,COUNTRYSIDE,N.D.
WkoOAAT,MIQUEL-626,8198,2,4,ANY,N.D.
WkURAA1,LEON-637,50008,3,0,LEISURE,10-20m2
WkvKAAT,ETORBIDEA-640,20110,2,1,ANY,5-10m2
Wl1YAAT,PÉREZ-750,33600,2,0,ANY,>20m2
Wl2rAAD,BAILEN-750,8037,2,1,CITY,2-5m2
Wl83AAD,MAYOR-742,50630,2,4,VILLAGE,N.D.
WlH1AAL,ANDALUCIA-610,14960,2,4,VILLAGE,<2m2
WlLrAAL,GUILLEN-717,46008,3,3,CITY,2-5m2
WlMWAA1,ESTACION-663,28293,2,4,COUNTRYSIDE,N.D.
WlPAAA1,MENENDEZ-761,23760,2,0,COUNTRYSIDE,10-20m2
WlPEAA1,TORRE-652,41710,2,4,ANY,2-5m2
WlQ9AAL,ARGENSOLA-721,22214,1,0,VILLAGE,2-5m2
WlQdAAL,BETICA-674,41300,2,0,VILLAGE,20-30m2
WqaDAAT,RAMON-310,22400,2,0,VILLAGE,20-30m2
WqcZAAT,PENELAS-395,27154,2,2,VILLAGE,>30m2
WqezAAD,BERDIGON-450,21003,2,0,ANY,5-10m2
WqFbAAL,COMTE-543,8036,2,4,CITY,5-10m2
WqH5AAL,VALENCIA-343,8026,3,4,BORDER,5-10m2
WqhQAAT,DOCTORS-407,25220,2,4,VILLAGE,5-10m2
WsdtAAD,CURA-381,6225,2,4,VILLAGE,10-20m2
WseUAAT,ECHEGARAY-472,6940,2,0,COUNTRYSIDE,10-20m2
Wsl6AAD,MONTERO-533,36930,3,3,VILLAGE,10-20m2
WsloAAD,PASEO-391,29569,1,1,VACATIONAL,N.D.
WsmDAAT,SEVILLA-330,29400,3,2,ANY,20-30m2
WsMpAAL,ENCARNACION-310,10200,2,0,VILLAGE,>20m2
Wsn5AAD,ALEXANDRE-482,36691,1,0,ESCAPE,>30m2
Wt1NAAT,ALAMEDA-346,29001,2,4,CITY,>20m2
Wt2PAAT,LANZAROTE-474,29130,2,1,VILLAGE,5-10m2
Wt3EAAT,MADRID-403,28863,2,2,VILLAGE,5-10m2
WTdXAAX,JESUS-198,28026,2,0,BORDER,5-10m2
WTfrAAH,TEMPLARIOS-050,25002,2,2,ANY,2-5m2
WTgBAAX,ALFEREZ-281,21890,2,4,VILLAGE,5-10m2
WThNAAX,FALCATA-290,14812,1,0,VILLAGE,N.D.
WtHYAA1,ABOG-418,14004,2,0,ANY,10-20m2
WtIlAAL,JUAN-512,24880,1,0,COUNTRYSIDE,N.D.
WTiSAAX,FEANS-276,15192,2,0,VILLAGE,N.D.
WtJ3AAL,ALCALDE-558,14004,2,0,CITY,10-20m2
WtnKAAT,RAMON-575,46740,2,4,VILLAGE,5-10m2
WtnxAAD,CARRETERA-402,33936,2,0,ANY,2-5m2
Wto0AAD,CASTILLO-330,33500,2,2,COUNTRYSIDE,N.D.
WttpAAD,BUENAVISTA-436,20016,1,4,BORDER,5-10m2
WtVBAA1,ABATXOLO-398,48920,2,0,BORDER,5-10m2
WtVCAA1,VIRGEN-325,46131,2,4,VILLAGE,2-5m2
Wje6AAD,JOSE-674,28044,3,1,BORDER,5-10m2
WjkiAAD,PALACIOS-740,21001,3,1,CITY,2-5m2
WjkIAAT,JUAN-672,20215,1,0,VILLAGE,N.D.
WjljAAD,ALCALDE-762,21409,3,3,VACATIONAL,20-30m2
WjoKAAT,JOAQUIN-020,31014,2,0,ANY,10-20m2
Wjt0AAD,BENIA-ONIS-033,33556,1,2,COUNTRYSIDE,N.D.
WjxIAAT,NOVA-714,8589,1,2,COUNTRYSIDE,N.D.
Wk23AAD,REAL-131,14970,2,0,VILLAGE,5-10m2
WkbuAAD,PLAÇA-622,7350,2,2,VILLAGE,5-10m2
WkhwAAD,MARIANO-722,47820,1,4,VILLAGE,2-5m2
WkNOAA1,MAYOR-681,5461,1,0,COUNTRYSIDE,N.D.
WkoMAAT,CONSTITUCION-632,10649,1,0,ESCAPE,10-20m2
WkOpAAL,SANTA-747,46930,2,4,ANY,2-5m2
WkpmAAD,COMUNIDAD-763,3640,2,0,ANY,10-20m2
WkTwAAL,ANDALUCIA-799,21620,2,0,VILLAGE,5-10m2
WkuXAAT,HERRADORES-644,10193,2,0,COUNTRYSIDE,10-20m2
WkV3AAL,IGLESIA-750,49400,2,0,ANY,2-5m2
WkVHAA1,TENDERIA-640,48005,2,4,LEISURE,<2m2
WkVQAA1,CARABANCHELES-753,28921,2,0,BORDER,5-10m2
WkwDAAT,CRISTOFOL-613,25006,2,1,CITY,2-5m2
WkZfAAL,MAYOR-731,50313,1,2,COUNTRYSIDE,10-20m2
Wl4lAAD,ESPAÑA-132,28990,2,4,VILLAGE,5-10m2
WlJ8AAL,MAYOR-612,50610,1,0,COUNTRYSIDE,N.D.
WlMVAA1,MARIN-730,50408,1,2,COUNTRYSIDE,N.D.
WlN5AAL,MARTIN-623,28008,2,4,LEISURE,5-10m2
WlNEAA1,TELLEZ-653,28007,2,1,CITY,5-10m2
WlNzAAL,PRINCIPE-613,30204,3,0,CITY,5-10m2
WqaFAAT,MAYOR-401,22410,1,2,VILLAGE,<2m2
WqhoAAD,SOLDEVILA-481,22131,1,0,VILLAGE,2-5m2
WqZrAAL,ANGEL-420,25310,2,1,ANY,2-5m2
WqZXAA1,INMAC-387,28019,2,1,BORDER,N.D.
WsdGAAT,PLAZA-372,5560,1,0,COUNTRYSIDE,N.D.
Wse7AAD,MAYOR-550,2140,2,0,VILLAGE,5-10m2
WsgZAAT,TOMAS-516,7009,2,1,ANY,10-20m2
WsLpAAL,CORONEL-434,2435,2,4,COUNTRYSIDE,>20m2
WsmtAAD,ALBERTO-381,4800,3,4,ANY,20-30m2
WsN7AAL,GRABIEL-491,3201,2,0,ANY,5-10m2
WsRKAA1,PEDROUZO-ARCA-343,15821,2,2,COUNTRYSIDE,10-20m2
WsSHAA1,ARROYO-467,14011,2,4,CITY,2-5m2
WsSyAAL,MAGDALENA-545,8850,2,0,ANY,5-10m2
Wt13AAD,MONASTERIO-532,31011,2,0,CITY,10-20m2
Wt3gAAD,FRANCISCO-341,48370,2,4,BORDER,2-5m2
WTa4AAH,ALFEREZ-141,26001,2,2,ANY,5-10m2
WtCsAAL,CUENCA-493,46007,3,1,CITY,10-20m2
WTd3AAH,REINA-073,28014,2,4,CITY,10-20m2
WtddAAD,SOLANO-393,37768,1,0,ANY,N.D.
WtDVAA1,VENERABLE-566,14010,2,1,ANY,5-10m2
WTfxAAH,PORTAL-274,25135,2,0,VILLAGE,N.D.
WTgVAAX,FEDERICO-183,18680,2,0,VILLAGE,>30m2
WTi1AAH,MAJOR-035,17850,2,2,VILLAGE,5-10m2
WTm5AAH,BADAJOZ-278,8620,2,4,VILLAGE,<2m2
WTmFAAX,CERVANTES-231,13327,1,0,ESCAPE,N.D.
Wtn9AAD,ARQUITECTURA-578,28005,2,0,CITY,5-10m2
WjdkAAD,ASTURIAS-668,28029,3,4,BORDER,2-5m2
WjdoAAD,FATAS-793,22376,1,4,ANY,N.D.
WjkwAAD,NUEVA-719,18248,2,2,COUNTRYSIDE,>20m2
WjoVAAT,PADILLA-279,8013,2,1,BORDER,5-10m2
WjuzAAD,ANTONIO-093,28212,2,2,VILLAGE,10-20m2
Wjw3AAD,CATABOIS-782,15405,2,1,ANY,2-5m2
WjyXAAT,CONSTITUCION-791,14640,2,0,VILLAGE,2-5m2
Wk7OAAT,PRINCIPE-280,26550,2,1,VILLAGE,2-5m2
Wk7tAAD,OBISPO-035,33980,2,0,ANY,10-20m2
WkhLAAT,SANTA-620,47100,3,0,VILLAGE,10-20m2
WkHtAAL,PUERTA-738,36955,2,0,CITY,>30m2
Wko1AAD,MOSSEN-658,8620,3,4,ANY,20-30m2
WkOoAAL,PIZARRO-796,46930,2,4,VILLAGE,10-20m2
WkpqAAD,TORRES-652,17200,2,1,VILLAGE,20-30m2
WkVcAAL,JAIME-794,46910,3,1,ANY,20-30m2
WkvNAAT,GENERAL-637,33161,1,0,ANY,N.D.
Wl2RAAT,SOMBRERERIA-605,9003,2,0,LEISURE,2-5m2
Wl6aAAD,ERMODO-730,48200,2,4,VILLAGE,N.D.
Wl7DAAT,CORBALAN-732,30180,2,0,ANY,10-20m2
WlGyAAL,ANDALUCIA-790,18640,2,4,VILLAGE,10-20m2
WlIQAA1,ALFREDO-793,50011,2,2,BORDER,5-10m2
WlLKAA1,RADIO-726,28019,2,4,BORDER,N.D.
WlNrAAL,GRANDE-680,21280,2,0,COUNTRYSIDE,N.D.
WlNSAA1,ALAMEDA-783,29001,2,3,LEISURE,<2m2
WlPLAA1,MAYOR-620,33870,2,0,ANY,N.D.
WlPSAA1,HERNAN-758,28004,2,4,LEISURE,5-10m2
WqbcAAD,LUIS-565,3650,2,0,VILLAGE,>20m2
WqH6AAL,GRAN-530,8600,2,4,VILLAGE,5-10m2
WsfaAAD,GENERAL-334,7010,2,2,ANY,5-10m2
WsLzAAL,ARENAL-590,13600,3,4,ANY,10-20m2
WsQgAAL,NEREIDAS-346,11011,2,4,VILLAGE,10-20m2
WsQiAAL,BLAS-501,11206,1,2,VILLAGE,N.D.
WsRxAAL,GENERALISIMO-490,15310,2,2,VILLAGE,10-20m2
WsS6AAL,NORD-323,8739,1,0,COUNTRYSIDE,N.D.
WsSIAA1,SATURNO-368,14014,2,0,ANY,10-20m2
WsSlAAL,BARBA-440,14650,2,4,VILLAGE,>20m2
WsvjAAD,LAVADOR-390,30420,3,2,ANY,10-20m2
WswmAAD,MARQUES-542,33206,2,2,CITY,N.D.
WswqAAD,AGUADO-344,33203,2,4,ANY,2-5m2
WswVAAT,PONTEJOS-PUERTO-383,39618,1,0,VILLAGE,N.D.
Wt2yAAD,REAL-502,41590,2,2,VILLAGE,10-20m2
WTaTAAX,ROSARIO-045,23192,2,2,COUNTRYSIDE,N.D.
WtAvAAL,VILANOVA-321,8240,2,4,COUNTRYSIDE,<2m2
WtBlAAL,SANCHEZ-553,41009,2,0,ANY,2-5m2
WtcDAAT,MURALLA-420,43400,2,4,ANY,N.D.
WtcHAAT,SANTA-301,5480,2,4,VACATIONAL,<2m2
WtciAAD,INMACUL-358,28019,2,0,BORDER,N.D.
WTczAAH,COMERÇ-252,17404,2,2,VILLAGE,>20m2
WtCzAAL,LUIS-528,50010,2,1,VILLAGE,10-20m2
WtD4AAL,PADRE-324,41003,2,0,LEISURE,5-10m2
WTFeAAP,CONFEDERACION-134,8699,1,2,COUNTRYSIDE,2-5m2
WTGAAA5,ANSELM-042,8440,3,4,ANY,10-20m2
WtIgAAL,CURA-422,46119,3,4,VACATIONAL,10-20m2
WtIRAA1,RECAREDO-316,41003,2,1,CITY,2-5m2
Wjl7AAD,REAL-734,24390,2,0,VILLAGE,N.D.
Wjl9AAD,MAJOR-760,3590,2,4,VACATIONAL,2-5m2
WjrkAAD,ANTONIO-790,10692,1,2,ANY,10-20m2
WjrVAAT,IGLESIA-641,12122,1,2,ANY,<2m2
Wjs1AAD,LEGIONARIOS-631,10865,1,0,COUNTRYSIDE,N.D.
WjsLAAT,LUIS-760,10132,2,2,ESCAPE,2-5m2
WkblAAD,SANTA-666,46196,3,2,VILLAGE,5-10m2
WkgLAAT,CARDENAL-709,46021,3,4,BORDER,<2m2
WkIYAA1,MOJON-ZENETA-788,30130,2,2,ESCAPE,N.D.
WkM1AAL,ALFONSO-762,28440,3,4,ANY,5-10m2
WkM9AAL,DOCTOR-760,33401,2,4,ANY,5-10m2
WknEAAT,CONSTITUCION-630,3340,3,4,VILLAGE,10-20m2
WkodAAD,CANALETAS-758,8290,2,0,VILLAGE,10-20m2
WkoFAAT,FERNANDEZ-624,28015,2,1,BORDER,5-10m2
WkP6AAL,PUERTA-750,28013,2,0,LEISURE,<2m2
WkVFAA1,SANTA-619,41700,2,0,ANY,2-5m2
WlHJAA1,SANTANDER-621,9004,3,0,LEISURE,>30m2
WlQ7AAL,MAJOR-623,8516,1,2,VILLAGE,N.D.
WlQKAA1,MAYOR-604,3579,1,2,COUNTRYSIDE,N.D.
WqbiAAD,MAYOR-587,19198,2,2,VILLAGE,N.D.
Wqg4AAD,ASTURIAS-430,24100,2,4,ANY,5-10m2
WqhEAAT,CONSTITUCION-471,21740,2,4,VILLAGE,>20m2
WqiYAAT,JUAN-310,16400,3,4,COUNTRYSIDE,20-30m2
WqZuAAL,PORTALES-315,26160,2,2,COUNTRYSIDE,10-20m2
WsehAAD,RIBOT-482,7011,2,4,BORDER,10-20m2
WslIAAT,CRISTOBAL-360,29200,2,0,VILLAGE,5-10m2
WsllAAD,JUAN-351,29312,2,4,VILLAGE,>20m2
WsLtAAL,GENERAL-331,10186,1,0,ESCAPE,5-10m2
WsMvAAL,GOYA-320,11010,2,0,CITY,10-20m2
WsR6AAL,CADENA-351,11648,2,2,ANY,10-20m2
Wsv0AAD,MADRID-530,28903,2,0,BORDER,2-5m2
Wt1qAAD,RAMON-310,29014,1,1,ANY,2-5m2
Wt1yAAD,EXPLANADA-427,29510,2,2,CITY,5-10m2
WTaZAAX,EMPERADOR-001,23740,2,1,VILLAGE,10-20m2
WtbbAAD,PUERTA-372,46182,3,2,VILLAGE,5-10m2
WtD1AAL,NICASIO-546,50007,3,4,BORDER,20-30m2
WTdNAAX,NOVA-104,17185,2,4,VILLAGE,5-10m2
WTg6AAH,CARD-083,28034,2,4,ANY,2-5m2
WThIAAX,PASCUAL-291,11140,3,0,ANY,20-30m2
WThYAAX,CARLOS-154,8840,3,4,BORDER,10-20m2
WtIUAA1,FUENTE-311,23530,2,4,COUNTRYSIDE,10-20m2
WtliAAD,MORERAS-501,28300,2,0,VILLAGE,5-10m2
WTlUAAX,ADUANA-192,13500,2,0,ANY,10-20m2
WtlwAAD,POETA-414,46185,3,0,VILLAGE,10-20m2
WTm3AAH,MAYOR-047,8970,2,4,VILLAGE,10-20m2
WtmMAAT,PADRE-464,33001,2,4,ANY,2-5m2
WtnhAAD,CONSTITUCION-341,28200,2,4,VACATIONAL,10-20m2
Wto3AAD,OESTE-549,46940,2,1,ANY,2-5m2
WtOiAAL,ALCUDIA-390,7300,2,1,ANY,10-20m2
WTrwAAH,HERNAN-241,6228,2,2,COUNTRYSIDE,10-20m2
WtspAAD,MADRID-550,26520,2,4,COUNTRYSIDE,2-5m2
WttMAAT,RECOLETAS-550,31300,2,0,ANY,5-10m2
WttyAAD,CIUDADELA-490,31001,2,1,CITY,2-5m2
WjdlAAD,JORGE-619,28009,2,0,CITY,5-10m2
Wje5AAD,VILLAJOYOSA-682,28041,3,1,BORDER,<2m2
WjeNAAT,CRUZ-658,28007,3,4,CITY,10-20m2
Wjj7AAD,RAMON-610,23560,2,2,VILLAGE,>20m2
Wjk2AAD,LUIS-772,20302,2,2,CITY,5-10m2
Wjk4AAD,MAYOR-680,20140,2,2,ANY,5-10m2
WjqhAAD,MAJOR-605,17820,3,0,ANY,5-10m2
WjrWAAT,BLASCO-731,12300,2,0,COUNTRYSIDE,<2m2
WjvfAAD,FRONTON-155,37189,2,2,VILLAGE,2-5m2
Wk1aAAD,ESTUDIANTES-121,13300,3,4,ANY,10-20m2
WkiKAAT,JARDIN-722,47320,1,0,ANY,N.D.
WkN4AAL,OTUR-622,33792,1,0,COUNTRYSIDE,N.D.
WkOmAAL,JOSE-635,28006,2,4,CITY,5-10m2
WktpAAD,BARCELONA-695,8150,2,4,ANY,5-10m2
WkuyAAD,ANTONIO-724,41250,2,2,COUNTRYSIDE,5-10m2
WlGnAAL,VILLAS-777,41007,2,1,VILLAGE,2-5m2
WlNoAAL,ALCALDE-670,41005,2,0,BORDER,2-5m2
WlOcAAL,MANZANA-670,33920,1,1,ANY,N.D.
WlQBAA1,PASEO-645,43880,3,2,VACATIONAL,5-10m2
WqaeAAD,SESEÑA-300,28024,3,0,CITY,>30m2
WqfKAAT,MENENDEZ-350,28007,2,4,CITY,2-5m2
WqNmAAL,GRANADA-505,8006,2,0,CITY,5-10m2
WqsCAAT,SANTA-682,46680,3,4,CITY,2-5m2
WqZcAAL,REAL-379,28021,3,1,BORDER,2-5m2
WsmiAAD,CORTINA-454,29330,1,4,VILLAGE,2-5m2
WsQUAA1,ABAT-575,8754,2,0,VILLAGE,>20m2
Wt2WAAT,PAZO-MOURENTE-511,36164,2,4,ANY,N.D.
WtAwAAL,REGIMIENTO-330,10300,3,0,VILLAGE,10-20m2
WtClAAL,ESTANCO-552,40446,1,0,VILLAGE,N.D.
WtcwAAD,DOÑA-512,50010,2,4,ANY,10-20m2
WTddAAH,FINISTERRE-212,28029,3,0,CITY,5-10m2
WtDdAAL,MUGARDOS-510,15624,2,2,COUNTRYSIDE,10-20m2
WtdiAAD,FORNO-505,36645,2,0,ESCAPE,5-10m2
WTfqAAH,LEON-141,21710,2,1,VILLAGE,10-20m2
WTgzAAH,ONESIMO-073,16270,1,4,COUNTRYSIDE,2-5m2
WtloAAD,ESTACION-471,36612,2,0,VILLAGE,5-10m2
WTmTAAX,JOSEP-012,8224,2,0,ANY,5-10m2
WtnMAAT,HERMES-510,29010,2,2,ANY,>20m2
WtnSAAT,MORET-561,41360,2,4,COUNTRYSIDE,2-5m2
WToAAAX,MARIA-112,11520,2,4,ANY,>30m2
WtOVAA1,TARRAGONA-410,43500,2,0,VILLAGE,>20m2
WTscAAH,CARO-011,7013,2,0,CITY,5-10m2
WtycAAD,URIA-370,33800,2,0,ANY,2-5m2
WtyyAAD,BILBAO-532,39600,3,1,ANY,10-20m2
WTz8AAH,MARQUES-203,32780,1,0,COUNTRYSIDE,N.D.
WTzdAAH,NOCEDO-060,32624,1,0,ANY,N.D.
WtznAAD,ESTACION-492,45572,1,4,ESCAPE,2-5m2
Wu04AAD,SOBRAL-392,36150,1,0,ESCAPE,20-30m2
WU0CAAX,SAMUEL-084,33013,1,1,CITY,N.D.
WU0LAAX,ALAMO-160,37500,2,1,ANY,<2m2
WU1rAAH,GENERAL-187,39006,2,4,BORDER,10-20m2
WU2gAAH,ARENAS-272,33554,2,2,COUNTRYSIDE,2-5m2
Wu7GAAT,JERONIMO-512,13343,2,4,COUNTRYSIDE,5-10m2
WjeqAAD,CORRD-670,23740,3,1,ANY,10-20m2
Wjl2AAD,SANTA-773,21005,2,1,ANY,5-10m2
WjpNAAT,PLAZA-612,21880,2,2,VILLAGE,10-20m2
WjvIAAT,COULOUNIEX-133,34200,2,1,ANY,2-5m2
WjvsAAD,REAL-751,10520,1,2,COUNTRYSIDE,5-10m2
WjzsAAD,RASSOS-271,8033,2,4,BORDER,2-5m2
Wk64AAD,JUAN-069,48970,3,0,ANY,10-20m2
Wk6ZAAT,ZURDO-123,40470,2,0,VILLAGE,2-5m2
WkaIAAT,MONTE-616,48007,2,0,BORDER,10-20m2
WkMqAAL,VERSALLES-620,28937,2,0,BORDER,2-5m2
WkqzAAD,CORREDERA-113,10800,2,0,COUNTRYSIDE,5-10m2
WkTEAA1,ARRANEGUI-762,48280,1,0,ANY,<2m2
WktHAAT,VILA-621,15105,1,2,COUNTRYSIDE,10-20m2
WkTnAAL,JOSEP-744,17252,3,4,VACATIONAL,10-20m2
WktUAAT,RONDA-673,30009,2,0,CITY,2-5m2
WkuVAAT,VELAZQUEZ-610,33600,2,0,ANY,N.D.
WkvXAAT,TRES-730,49008,2,1,CITY,5-10m2
Wl2YAAT,REQUEJO-711,49220,2,0,ANY,2-5m2
WlIZAA1,PEREZ-612,26002,2,0,ANY,2-5m2
WlQVAA1,CARMEN-720,30201,3,4,CITY,5-10m2
Wqb7AAD,BADALONA-367,28034,2,4,BORDER,2-5m2
Wqf5AAD,MADRID-A-315,24769,1,4,COUNTRYSIDE,N.D.
WqjCAAT,ALICANTE-393,3690,3,0,ANY,5-10m2
WqNnAAL,LONDRES-315,8029,2,4,CITY,10-20m2
WsbkAAD,LLERENA-311,6907,1,2,COUNTRYSIDE,N.D.
WseaAAD,CONSTITUCION-423,6910,2,4,COUNTRYSIDE,10-20m2
WslaAAD,GRANADA-362,2005,2,0,ANY,<2m2
WsSQAA1,LEIXAS-382,15121,2,0,ESCAPE,N.D.
Wt0iAAD,HERMANOS-453,2002,2,4,ANY,20-30m2
Wt1aAAD,VIRGEN-373,31620,2,0,ANY,10-20m2
WTaPAAX,BEATRIZ-227,28040,2,4,CITY,<2m2
WTawAAH,BERNINCHES-223,19180,2,4,VILLAGE,5-10m2
WtB4AAL,ESPAÑA-410,40370,2,0,VILLAGE,N.D.
Wtc7AAD,LUIS-311,2660,2,4,VILLAGE,5-10m2
WtCHAA1,PUERTO-355,41006,2,0,ANY,20-30m2
WTcRAAX,CASANOVA-CILLERO-201,27863,1,2,ANY,N.D.
WTdGAAX,MAYOR-102,20200,2,0,ANY,10-20m2
WtdNAAT,OLLERIA-463,46184,3,4,VILLAGE,2-5m2
WTeEAAX,GRAVINA-120,21001,2,1,CITY,10-20m2
WTefAAH,CLARA-012,28002,2,4,CITY,2-5m2
WteSAAT,GALILEO-376,28015,2,0,BORDER,2-5m2
WTmAAAX,ARBOLI-254,11001,2,4,ANY,N.D.
WTmVAAX,COLON-244,8640,3,0,ANY,5-10m2
WTrHAAX,ERILLA-001,5239,1,2,COUNTRYSIDE,N.D.
WtWYAA1,MADUEÑO-460,41500,2,0,ANY,2-5m2
WtXaAAL,JUAN-420,44001,2,2,VILLAGE,<2m2
WTZMAA5,RAMON-119,3370,2,2,VILLAGE,10-20m2
WTZzAAP,PERESSALL-293,25620,2,2,ANY,<2m2
Wu0sAAD,MURALLA-511,8240,2,0,ANY,5-10m2
WU0sAAH,LEGANES-050,28904,3,4,BORDER,2-5m2
WU1tAAH,DOCTOR-151,39608,1,0,VILLAGE,N.D.
WU3oAAH,LIEBANA-281,39300,2,0,ANY,5-10m2
WU41AAH,RICARDO-068,31610,3,2,ANY,10-20m2
WjebAAD,CALVO-752,26003,2,0,VILLAGE,2-5m2
WjicAAD,REAL-613,23730,2,0,VILLAGE,>20m2
WjnyAAD,GENERAL-115,33688,2,2,ANY,N.D.
WjpsAAD,FEDERICO-690,14720,2,4,VILLAGE,5-10m2
Wjq1AAD,TOLEDILLO-750,16210,2,4,COUNTRYSIDE,10-20m2
Wjv0AAD,LIMES-222,33817,2,4,ANY,N.D.
WjwMAAT,RIVEIRA-781,15240,2,2,VILLAGE,2-5m2
Wjy3AAD,ESTRELLA-612,11350,2,4,VACATIONAL,N.D.
Wk8FAAT,AUTONOMIA-281,48830,2,4,VILLAGE,10-20m2
WkaHAAT,VINYETA-685,8904,1,0,ESCAPE,10-20m2
WkazAAD,TALAVERA-623,45683,2,2,COUNTRYSIDE,>20m2
WkceAAD,BLASCO-766,46021,2,0,CITY,N.D.
WkHdAAL,JOSE-601,28806,2,1,VILLAGE,2-5m2
WkHQAA1,ANDALUCIA-651,29751,2,4,VACATIONAL,2-5m2
WkNrAAL,MARCELO-623,31014,2,1,ANY,N.D.
WkqRAAT,SANTIAGO-151,50480,1,0,COUNTRYSIDE,N.D.
WktyAAD,PONTE-776,32530,1,2,COUNTRYSIDE,N.D.
WkvyAAD,DELS-633,46680,3,0,VILLAGE,2-5m2
Wl6WAAT,MANUEL-642,36400,3,2,VILLAGE,<2m2
Wl86AAD,IGLESIA-701,43440,2,4,VILLAGE,N.D.
WlLuAAL,CONSTITUCION-721,23660,2,0,VILLAGE,N.D.
WlMnAAL,ANCHA-725,43748,1,0,VILLAGE,<2m2
WlO9AAL,PEREZ-602,2005,2,4,ANY,2-5m2
WlPCAA1,SALVADOR-750,7500,2,4,VILLAGE,5-10m2
WlPJAA1,REAL-641,45230,3,0,VILLAGE,20-30m2
WlPvAAL,PADRE-782,46019,3,0,BORDER,10-20m2
WqbSAAT,RUTA-388,27670,2,0,COUNTRYSIDE,5-10m2
WqcdAAD,BENIGNO-441,27367,2,2,COUNTRYSIDE,10-20m2
WqdKAAT,DELS-411,17520,2,4,VACATIONAL,5-10m2
WscBAAT,CONSTITUCION-310,6680,2,0,COUNTRYSIDE,5-10m2
WsKyAAL,DOCTOR-390,12570,2,0,ANY,>20m2
WsL9AAL,AREAS-520,15314,1,0,ESCAPE,N.D.
WsQbAAL,MARCONI-353,11009,2,0,ANY,20-30m2
WsSZAA1,COLL-552,8915,3,0,BORDER,10-20m2
Wt2HAAT,CALVO-342,5310,2,2,COUNTRYSIDE,N.D.
WtcdAAD,CATALUÑA-538,50014,2,4,ANY,10-20m2
WTciAAH,SANTA-143,3158,2,1,VILLAGE,>20m2
WtdrAAD,AZUELA-473,28400,2,0,VILLAGE,>20m2
WteJAAT,PAYO-481,37523,1,2,ANY,N.D.
WTfCAAX,FUERTE-230,18120,2,4,ANY,>20m2
WThdAAH,FOGLIETTI-122,3007,2,4,CITY,5-10m2
WTi4AAH,BURGOS-240,9400,2,0,ANY,2-5m2
WtIMAA1,ACADEMICO-492,46680,2,4,CITY,2-5m2
WTinAAH,ESPAÑA-110,9220,1,2,ANY,N.D.
WTitAAH,MAYOR-152,12194,2,2,VILLAGE,<2m2
WtJSAA1,JUAN-387,37120,2,0,VILLAGE,5-10m2
WTkeAAH,DOCTOR-103,13620,2,2,VILLAGE,5-10m2
WTmjAAH,JESUS-130,13107,1,0,COUNTRYSIDE,N.D.
WtmVAAT,CANOVAS-442,30003,2,1,CITY,20-30m2
WTnHAAX,MAGISTRAL-194,14005,2,4,CITY,2-5m2
WTnSAAX,CARBALLOS-127,15688,1,2,VILLAGE,N.D.
WTnvAAH,SANTA-176,15155,2,2,COUNTRYSIDE,N.D.
WtOdAAL,PINTOR-580,41110,2,4,VILLAGE,<2m2
WtOeAAL,TRES-390,41820,2,0,VILLAGE,10-20m2
WjeGAAT,CARNICERIAS-601,26513,2,0,VILLAGE,<2m2
WjEkAAL,CALABRIA-653,8530,3,4,VILLAGE,10-20m2
WjemAAD,ZURBANO-607,28010,2,1,CITY,5-10m2
WjeuAAD,TERRA-601,27260,2,0,VILLAGE,2-5m2
WjlOAAT,ANDALUCIA-630,21400,2,3,ANY,10-20m2
WjodAAD,CATALUNYA-261,43896,2,4,VILLAGE,10-20m2
WjpOAAT,SANTA-752,21860,2,2,COUNTRYSIDE,5-10m2
WjrUAAT,CERVANTES-701,10005,3,1,ANY,10-20m2
WjsBAAT,MADRID-640,3330,3,0,ANY,2-5m2
WjuDAAT,MAEST-088,8620,2,0,BORDER,<2m2
WjwJAAT,AYUNTAMIENTO-771,13490,1,0,COUNTRYSIDE,N.D.
Wk6pAAD,MARIJATA-060,21459,2,0,CITY,10-20m2
WkgiAAD,LEHENDAKARI-764,48015,3,0,ANY,2-5m2
WkMmAAL,ARENAS-631,39609,1,0,VILLAGE,N.D.
Wkn7AAD,PONTANILLA-753,18680,2,0,ANY,>30m2
Wkn8AAD,FRANCISCO-728,50013,2,4,BORDER,5-10m2
WkNEAA1,JUAN-691,28742,2,0,COUNTRYSIDE,N.D.
WkoeAAD,CONSTITUCION-770,3160,2,4,ANY,10-20m2
WkT5AAL,ANDALUCIA-781,41210,2,4,VILLAGE,10-20m2
Wku9AAD,PALACIO-790,31395,2,2,VILLAGE,N.D.
WkU9AAL,PILAR-633,45183,3,4,COUNTRYSIDE,20-30m2
WkUSAA1,ROSARIO-742,11004,2,0,ANY,N.D.
WkvqAAD,HERNAN-645,36203,2,2,CITY,5-10m2
Wkw4AAD,MONTAÑANA-635,50059,2,1,ANY,5-10m2
Wl1bAAD,OBRA-613,50374,1,2,COUNTRYSIDE,N.D.
WlJAAA1,AYUNTAMIENTO-610,46330,2,4,ESCAPE,>20m2
WlMEAA1,JUAN-773,11500,2,4,VACATIONAL,>20m2
WlMSAA1,MARIANO-622,24008,2,0,ANY,<2m2
WlQUAA1,POZA-753,9007,3,0,ANY,5-10m2
WqasAAD,ADOLFO-371,27003,3,2,ANY,>30m2
WqHqAAL,INDUSTRIA-364,8107,2,4,ANY,2-5m2
WqNhAAL,ARAGO-562,8015,2,0,CITY,5-10m2
WsKkAAL,CAMI-510,8301,2,4,ANY,5-10m2
WsKNAA1,SANCHEZ-370,10004,2,2,ANY,5-10m2
WsLvAAL,GUADALUPE-561,10340,2,0,COUNTRYSIDE,5-10m2
WsSeAAL,PRIMO-511,11691,1,2,VILLAGE,>20m2
WsucAAD,JOSE-301,28412,2,2,VILLAGE,2-5m2
WswEAAT,PREDRERIA-449,30594,2,2,ANY,10-20m2
Wt1dAAD,MAYOR-380,34001,2,4,ANY,20-30m2
Wt36AAD,ALTA-410,11201,1,4,CITY,10-20m2
WtArAAL,CALLE-344,46450,2,0,VILLAGE,2-5m2
WtBBAA1,GOIKOKALEA-334,48143,2,0,ANY,N.D.
WTcLAAX,PARE-081,17800,2,4,VACATIONAL,>20m2
WtcWAAT,SEDA-439,19210,2,4,VILLAGE,2-5m2
WtDOAA1,PEÑUELAS-501,29200,1,4,ANY,2-5m2
WThBAAX,VILADECANS-014,8840,2,4,ANY,>30m2
WtHcAAL,NUESTRO-330,41730,2,4,ANY,5-10m2
WTiCAAX,MOSEN-196,12160,1,0,COUNTRYSIDE,5-10m2
WTjdAAH,SANTA-221,10950,2,2,COUNTRYSIDE,<2m2
WtmeAAD,MAYOR-443,28598,2,2,COUNTRYSIDE,N.D.
WTnhAAH,ANDALUCIA-225,11560,2,4,VILLAGE,5-10m2
WtrpAAD,ALFONSO-353,37005,2,4,ANY,5-10m2
Wjf1AAD,MAYOR-645,19290,2,4,VILLAGE,2-5m2
WjlLAAT,JOSE-730,21200,2,0,VILLAGE,5-10m2
WjrYAAT,LEPANTO-773,3760,2,4,VILLAGE,20-30m2
WkbMAAT,GAUDI-788,48902,2,0,ANY,N.D.
WkHOAA1,CORREDERA-744,29330,2,0,VILLAGE,10-20m2
WkhRAAT,GUIPUZKOA-778,48920,2,4,CITY,10-20m2
WkiIAAT,GANDIA-770,46758,2,4,COUNTRYSIDE,N.D.
WkN2AAL,ANGEL-702,4860,2,4,ANY,2-5m2
WkP1AAL,CASTELAO-618,15350,3,2,VILLAGE,5-10m2
WkT8AAL,CANDIDO-794,28035,3,1,CITY,20-30m2
WkuJAAT,RAMON-702,3400,2,4,VILLAGE,5-10m2
Wl2VAAT,JERONIMO-650,30800,2,4,VILLAGE,5-10m2
WlGrAAL,MAYOR-642,22720,1,2,ANY,N.D.
WlMtAAL,FERMOSELLE-771,49027,2,2,ANY,5-10m2
WlOwAAL,EMBAJADORES-632,28012,2,0,LEISURE,<2m2
WlOZAA1,GENERAL-685,33685,1,2,ANY,N.D.
WlPnAAL,IGLESIA-781,29313,2,1,VILLAGE,20-30m2
WqcjAAD,CUESTA-332,19120,2,0,COUNTRYSIDE,>30m2
WqZmAAL,PORTAL-364,25316,1,0,VILLAGE,N.D.
Wsf9AAD,CRESPI-383,7014,2,0,VILLAGE,5-10m2
WsKMAA1,BARRIO-420,10003,2,4,ANY,2-5m2
WsLuAAL,PERULEROS-471,10189,1,2,COUNTRYSIDE,N.D.
WsLXAA1,CALATRAVA-351,13004,2,1,ANY,10-20m2
WsmFAAT,RONDA-371,29350,2,2,VILLAGE,<2m2
WsMiAAL,CACHURRA-475,15830,2,1,VILLAGE,5-10m2
WsmLAAT,SOUTO-LOÑA-489,32160,1,2,ESCAPE,N.D.
WsMzAAL,ANDALUCIA-502,11007,2,0,CITY,>20m2
WsQsAAL,FRANCISCO-304,15626,2,2,VILLAGE,10-20m2
WsRHAA1,SIGUEIRO-BARCIELA-442,15884,2,0,ANY,2-5m2
WswWAAT,SALAS LIENCRES)-524,39120,2,2,ANY,2-5m2
Wt3kAAD,IBAIGANE-323,48990,2,0,CITY,10-20m2
WtC5AAL,VELAZQUEZ-343,46018,2,0,CITY,10-20m2
WtCjAAL,PERPETUO-434,28700,3,1,BORDER,10-20m2
WTcQAAX,ESPANYA-221,17520,2,4,VACATIONAL,5-10m2
WtCyAAL,PASO-577,50162,2,2,VILLAGE,2-5m2
WTeOAAX,PUERTO-090,24857,1,0,COUNTRYSIDE,N.D.
WtHEAA1,DELS-404,8860,2,0,VACATIONAL,2-5m2
WTheAAH,MONSEÑOR-118,9346,1,2,ANY,2-5m2
WtI8AAL,IBARLUCE-471,48960,2,1,ANY,5-10m2
WTj8AAH,BARQUERA-172,8271,2,2,ANY,5-10m2
WTjNAAX,ISABEL-220,3803,2,4,VILLAGE,10-20m2
WtJWAA1,MESONES-450,14730,2,0,VILLAGE,2-5m2
WTlNAAX,CATALUÑA-245,8750,2,0,ANY,>20m2
WTndAAH,PAUL-233,11405,2,1,ANY,10-20m2
WTnnAAH,ANTONIO-143,14210,1,2,VILLAGE,2-5m2
WtOqAAL,PRINCIPE-410,7750,2,0,VILLAGE,>20m2
WttlAAD,BAJADA-583,39005,2,2,CITY,N.D.
WtW7AAL,MAIRENA-510,41500,2,0,ANY,5-10m2
WU09AAH,PRIMO-233,33001,2,0,ANY,5-10m2
WU20AAH,SOLEDAD-141,28607,2,2,VILLAGE,10-20m2
WU6OAAX,ESPAÑA-074,30730,3,0,ANY,5-10m2
WU7EAAX,BURJASSOT-279,46009,3,1,ANY,>20m2
WU98AAH,ANDALUCIA-011,11130,2,1,ANY,>20m2
WjeBAAT,MARIANO-781,22500,2,1,VILLAGE,10-20m2
WjeSAAT,TEODORO-730,23001,2,4,ANY,5-10m2
WjjMAAT,PASTOR-730,27850,2,0,ANY,5-10m2
WjMGAA1,PORTAL-620,8002,2,3,LEISURE,N.D.
WjqnAAD,SANT0-695,9300,1,0,ANY,5-10m2
Wjr8AAD,CARLOS-740,9200,2,4,BORDER,5-10m2
WjrjAAD,ABAJO-650,10880,2,0,COUNTRYSIDE,2-5m2
WjrQAAT,MAYOR-610,9120,2,2,ANY,2-5m2
WjuaAAD,CIRCULAR-111,30007,2,4,CITY,N.D.
WjwFAAT,MARIA-775,3008,2,4,ANY,5-10m2
WjyKAAT,DOCTOR-776,8904,3,4,BORDER,2-5m2
Wk0hAAD,ARIAS-080,6360,2,2,VILLAGE,>20m2
Wk18AAD,PERE-287,12530,3,4,ANY,2-5m2
WkGQAA1,PAREDES-725,36141,1,2,ESCAPE,<2m2
WkGvAAL,ARBEAN-628,36586,1,0,ESCAPE,10-20m2
WklzAAD,SANTIAG-273,46169,2,1,COUNTRYSIDE,<2m2
WkM7AAL,JOSE-686,33690,2,2,ANY,5-10m2
WknxAAD,RIOJA-745,26120,2,2,VILLAGE,5-10m2
WkozAAD,JOAQUIN-617,47014,3,1,CITY,20-30m2
WkvLAAT,SELGAS-704,46800,1,0,ANY,<2m2
Wkw2AAD,JOSE-701,14910,2,4,VILLAGE,2-5m2
WkwPAAT,TALERO-720,21230,2,4,COUNTRYSIDE,10-20m2
Wl0dAAD,MADARIAGA-657,48014,2,0,CITY,10-20m2
Wl7NAAT,RIBERA-687,48620,2,0,ANY,5-10m2
WlP1AAL,GORGULLON-758,36659,2,2,ESCAPE,5-10m2
WlQCAA1,AUSIAS-713,46120,3,1,VILLAGE,<2m2
WqcmAAD,REINA-501,20003,2,1,CITY,10-20m2
WqgCAAT,MANUEL-591,18500,2,0,ANY,>20m2
WqOJAA1,DIAGONAL-307,8037,2,1,CITY,2-5m2
WsaxAAD,MEDICO-359,7008,2,4,VILLAGE,10-20m2
WsKFAA1,JOAQUIN-354,8296,2,2,ESCAPE,10-20m2
WskYAAT,HERNAN-321,6411,2,0,VILLAGE,2-5m2
WsLYAA1,PALMA-591,13001,2,0,ANY,10-20m2
WsM2AAL,MARTIRES-343,13630,2,4,ESCAPE,20-30m2
WsmuAAD,RODRIGUEZ-438,32570,1,0,ESCAPE,2-5m2
WsmYAAT,ESTRADA-490,36818,1,4,ESCAPE,N.D.
WsN8AAL,CANTON-558,15200,2,4,ANY,5-10m2
WsQXAA1,BONAVISTA-518,8960,2,0,VILLAGE,>30m2
WsR9AAL,REYES-320,13107,2,2,COUNTRYSIDE,5-10m2
WsRGAA1,CLAUDIO-590,14002,2,4,CITY,<2m2
WswXAAT,MIRASIERRA-430,28600,3,4,ANY,10-20m2
Wt3lAAD,COLON-533,48009,2,2,LEISURE,5-10m2
WtbcAAD,PUENTE-457,40408,1,0,VILLAGE,N.D.
WtBgAAL,CUEVA-309,46940,2,4,ANY,5-10m2
WtBNAA1,CONSTITUCION-492,45940,3,2,VILLAGE,5-10m2
WTcCAAX,JAEN-021,23610,2,0,COUNTRYSIDE,10-20m2
WTd4AAH,PINAZOS-255,28021,2,1,BORDER,5-10m2
WTdIAAX,MAYOR-001,3780,2,0,VILLAGE,>20m2
WTeYAAX,CUBA-297,18329,1,2,ANY,N.D.
WTfpAAH,JUAN-282,21250,2,2,COUNTRYSIDE,10-20m2
WtKCAA1,LINTERNA-345,46001,2,0,LEISURE,2-5m2
WTksAAH,PRIMAVERA-147,8290,3,0,BORDER,5-10m2
WTkWAAX,ESPAÑA-082,10390,2,0,VILLAGE,N.D.
WjduAAD,LANDAKO-610,1470,2,2,ANY,5-10m2
WjibAAD,PLAZA-621,23740,2,1,ANY,>20m2
WjN6AAL,MARINA-776,8013,2,0,BORDER,10-20m2
Wjr4AAD,SANTA-751,8294,2,4,VILLAGE,>20m2
WjtvAAD,FRAY-143,24005,2,1,CITY,10-20m2
WjvlAAD,MENENDEZ-045,39100,2,2,VILLAGE,5-10m2
WjvxAAD,CANCILLER-603,1004,2,0,ANY,5-10m2
WjyLAAT,MANUEL-611,1005,2,0,ANY,5-10m2
WjyNAAT,MARINA-768,8907,3,1,BORDER,5-10m2
WjyOAAT,MARIA-732,11520,2,0,ANY,5-10m2
WjyRAAT,ROSARIO-780,11100,3,4,ANY,10-20m2
Wk1AAAT,CALVARIO-244,12540,3,0,ANY,2-5m2
Wka7AAD,PERU-620,28016,2,1,CITY,2-5m2
WkAkAAL,ESPAÑA-771,7002,2,4,CITY,2-5m2
WkavAAD,CONSTITUCION-722,4610,2,4,VACATIONAL,5-10m2
WkhUAAT,POETISA-650,7100,2,1,VILLAGE,2-5m2
WkiLAAT,REAL-763,47155,2,2,VILLAGE,10-20m2
WkIOAA1,JOSE-682,28380,1,0,VILLAGE,5-10m2
WktXAAT,GUILLERMO-630,41870,2,1,VILLAGE,N.D.
WkUyAAL,PASTOR-662,41001,2,0,LEISURE,5-10m2
Wkw3AAD,BUENOS-713,32004,2,0,ANY,10-20m2
Wl2fAAD,RUMBA-633,11510,2,1,ANY,2-5m2
Wl7LAAT,CAVA-727,33630,2,0,ANY,5-10m2
Wl7WAAT,TRES-630,12500,2,0,ANY,2-5m2
WlNQAA1,LASESARRE-747,48901,2,4,BORDER,N.D.
WlOaAAL,GETSEMANI-667,8035,2,2,BORDER,>20m2
WqaUAAT,MEDIODIA-350,26324,1,2,COUNTRYSIDE,N.D.
Wqb6AAD,CRUZ-516,28033,2,4,VILLAGE,<2m2
WqbdAAD,SORIA-421,19005,3,0,BORDER,>30m2
WqcLAAT,CAMINO-304,23220,3,0,VILLAGE,20-30m2
WqcUAAT,SANT-520,17255,2,0,VACATIONAL,N.D.
WqdgAAD,FERIA-330,23300,2,0,COUNTRYSIDE,5-10m2
Wqe3AAD,RAMON-473,3350,2,2,VILLAGE,10-20m2
Wqe5AAD,ORIAMENDI-581,20200,1,4,VILLAGE,10-20m2
WqecAAD,PORTUGAL-511,24009,2,4,ANY,2-5m2
WqfyAAD,ANGEL-531,21410,2,0,VILLAGE,10-20m2
WqgiAAD,TRIANA-570,21730,2,1,VILLAGE,5-10m2
WqicAAD,ALFONSO-502,3004,2,1,ANY,<2m2
WqOMAA1,CENTRE-588,8014,3,4,BORDER,10-20m2
Wsg8AAD,JOAN-375,7015,2,4,BORDER,10-20m2
WsLbAAL,OLIVO-344,13420,2,2,COUNTRYSIDE,2-5m2
WsS1AAL,MARQUES-521,8790,2,2,VILLAGE,<2m2
WsSkAAL,ANDALUCIA-342,14860,2,0,VILLAGE,5-10m2
WsvmAAD,NUEVA-523,30420,1,0,ANY,N.D.
WsvtAAD,GALICIA-398,33450,2,4,ANY,2-5m2
Wsw2AAD,HERNAN-450,39003,2,0,CITY,2-5m2
WswdAAD,CORREDERA-330,28680,3,2,VILLAGE,2-5m2
WswYAAT,PRUDENCIO-521,28694,2,4,VILLAGE,N.D.
Wt3MAAT,GABRIEL-374,46780,2,4,VILLAGE,5-10m2
Wt3TAAT,MONTBLANC-ARTESA-313,43412,1,0,ESCAPE,N.D.
WtB2AAL,SUECA-469,46006,3,4,CITY,<2m2
WTbtAAH,DIPUTACION-030,27700,2,0,VILLAGE,2-5m2
WTcFAAX,COSO-152,23380,2,2,COUNTRYSIDE,5-10m2
WTdQAAX,CAMPILLO-273,18009,3,2,CITY,20-30m2
WjDwAAL,JOSEP-618,8029,2,4,CITY,2-5m2
WjjeAAD,VICEDO-VICEDO-698,27860,1,0,COUNTRYSIDE,N.D.
WjkkAAD,PALOMEQUE-641,21006,3,1,ANY,5-10m2
Wjl5AAD,ALMIRANTE-708,21800,3,1,VILLAGE,2-5m2
WjoeAAD,ANGEL-045,15007,2,0,ANY,5-10m2
WjohAAD,ORENSE-135,27430,2,0,VILLAGE,N.D.
WjpQAAT,NAVARRA-731,22002,2,2,CITY,5-10m2
Wjw2AAD,LOPE-772,13640,2,4,ANY,10-20m2
WjxnAAD,ATLANTICO-749,14011,3,0,CITY,2-5m2
WjxSAAT,VOLTAIRE-761,11405,2,4,CITY,N.D.
Wk6TAAT,RECTOR-008,18213,2,1,CITY,<2m2
WkmfAAD,MIGUEL-703,46980,3,4,ANY,10-20m2
WkMnAAL,REBOLLAR-771,39608,2,0,VILLAGE,N.D.
WkZuAAL,TRECE-740,24314,2,0,VILLAGE,N.D.
Wl74AAD,FLORIDABLANCA-731,8011,3,4,LEISURE,2-5m2
WlbGAAT,NAVARRA-751,28320,3,2,ANY,10-20m2
WlKaAAL,PARROCO-254,7330,2,0,VILLAGE,10-20m2
WlOmAAL,JOAN-632,8028,2,0,BORDER,5-10m2
WlOsAAL,DOCTOR-631,28038,2,4,BORDER,N.D.
WlRGAA1,RONDA-787,41008,2,1,ANY,N.D.
WoYgAAL,JAUME-510,8810,2,4,ANY,>20m2
WqafAAD,TAMARITE-530,22558,1,0,VILLAGE,N.D.
WqcAAAT,CASTILLA-440,19115,2,4,COUNTRYSIDE,5-10m2
WqdGAAT,MIGDIA-370,17856,1,2,VILLAGE,5-10m2
WqhHAAT,ARZOBISPO-457,3300,2,0,BORDER,10-20m2
WqHkAAL,PONT-422,8420,2,0,BORDER,2-5m2
WqhNAAT,MARTINEZ-541,22004,2,1,ANY,>30m2
WqiuAAD,JAUME-571,17001,3,3,CITY,10-20m2
WslvAAD,PRINCIPE-443,31510,2,0,VILLAGE,5-10m2
WsSgAAL,PLAZA-351,11510,3,0,ANY,2-5m2
WsTDAA1,ANDALUCIA-411,14439,2,4,VILLAGE,10-20m2
WsuJAAT,MAYOR-390,30158,2,4,ANY,N.D.
WsuRAAT,MARIA-411,37001,2,0,LEISURE,2-5m2
WsxHAAT,HUERTO-450,30170,2,4,ANY,5-10m2
WTazAAH,SOLEDAD-116,19220,2,4,COUNTRYSIDE,2-5m2
WTbvAAH,LUIS-140,3410,2,4,VILLAGE,10-20m2
WTcPAAX,CATALUNYA-080,17527,3,4,VACATIONAL,5-10m2
WtDCAA1,JULIAN-590,48004,2,1,ANY,20-30m2
WtdcAAD,ROQUE-341,21410,2,4,ANY,2-5m2
WtIoAAL,TARRASSA-592,8205,2,2,ANY,5-10m2
WTk9AAH,GRAN-013,13196,1,4,ESCAPE,N.D.
WTkQAAX,ZAMENHOFF-253,8208,2,0,CITY,2-5m2
WTlWAAX,ALMODOVAR-234,13500,3,1,ANY,10-20m2
WtmjAAD,VENTOLERA-382,11190,2,0,VILLAGE,N.D.
WTt7AAH,MARIA-043,6173,1,0,COUNTRYSIDE,N.D.
WtuaAAD,AZUCENA-391,11550,2,0,VILLAGE,20-30m2
WtX0AAL,FUENTE-588,46013,3,4,ANY,2-5m2
WTYiAAP,MAYOR-270,22234,1,2,VILLAGE,N.D.
WTylAAH,GARCIA-142,36201,2,4,ANY,5-10m2
WtysAAD,ATOCHA-520,41730,2,0,ANY,2-5m2
WTyvAAH,MAYOR-213,28811,1,2,COUNTRYSIDE,N.D.
WTziAAH,OU-156-281,32549,1,2,ESCAPE,N.D.
WtzJAAT,CALVEROS-333,13500,2,0,ANY,10-20m2
WjeJAAT,ARMAÑA-710,27001,2,0,ANY,<2m2
WjeZAAT,AUTONOMIA-760,26004,2,0,ANY,5-10m2
WjjEAAT,ANDALUCIA-783,23213,2,2,COUNTRYSIDE,10-20m2
Wjo5AAD,NUEVA-252,41927,2,4,ANY,10-20m2
WjpjAAD,ALONSO-734,28028,2,1,CITY,<2m2
WjrnAAD,MAYOR-623,12480,2,0,COUNTRYSIDE,<2m2
WjubAAD,BALSICAS-101,30590,2,3,ESCAPE,>20m2
WjvpAAD,CONVENCIONAL-233,49326,1,2,ANY,N.D.
WjwBAAT,LAUREANO-740,8980,3,4,ANY,>30m2
WjxhAAD,BOTICA-704,11580,2,0,ANY,>20m2
Wk8ZAAT,REAL-014,29230,2,1,VILLAGE,5-10m2
WkcfAAD,SAGUNTO-618,46009,3,4,CITY,2-5m2
WkhiAAD,BATALLAS-666,47005,2,0,ANY,10-20m2
WkMHAA1,BUENOS-761,28905,3,1,BORDER,2-5m2
WkMRAA1,HERNAN-641,39003,2,0,CITY,5-10m2
WknwAAD,BLASCO-653,46393,2,0,ESCAPE,2-5m2
WkphAAD,ROSARIO-612,41520,2,0,VILLAGE,2-5m2
WkpWAAT,VALLE-657,28044,3,4,ANY,2-5m2
WkVKAA1,CRISTÓBAL-635,11005,2,1,ANY,N.D.
Wl0hAAD,VIRGENCILLA-620,9400,3,4,ANY,<2m2
WlLdAAL,HERRERIAS-740,31500,2,4,ANY,10-20m2
WlMIAA1,JUAN-766,28039,3,4,BORDER,5-10m2
WlN2AAL,GRANDE-640,45800,2,4,VILLAGE,2-5m2
WlNIAA1,COVADONGA-730,33530,2,4,ANY,10-20m2
WlNpAAL,CANFRANC-700,50004,3,4,CITY,10-20m2
Wqb4AAD,ISLA-524,28035,2,4,BORDER,<2m2
WqbnAAD,PORTAL-551,1200,2,0,ANY,5-10m2
WqbsAAD,PARETS-471,17483,1,1,VILLAGE,N.D.
WqdqAAD,VALLS-492,17403,2,0,VILLAGE,5-10m2
WqgTAAT,CALAMINA-424,28021,3,1,BORDER,2-5m2
WqhLAAT,RAMON-590,22001,2,1,ANY,10-20m2
WqHmAAL,TORREGASSA-323,8480,2,2,VILLAGE,2-5m2
WqilAAD,USERAS-543,12006,3,4,VILLAGE,2-5m2
WqZqAAL,MAYOR-421,25430,2,0,VILLAGE,5-10m2
WsbDAAT,ZURBARAN-360,6240,2,4,ANY,2-5m2
Wsc7AAD,FRANCO-312,2311,1,2,ANY,N.D.
WscTAAT,MARTIRES-352,2630,3,1,VILLAGE,10-20m2
Wsg2AAD,SANTIAGO-368,6181,1,2,ANY,N.D.
WsKSAA1,AGUSTIN-540,12410,2,4,COUNTRYSIDE,5-10m2
WsLjAAL,MAJOR-486,8394,2,4,VILLAGE,5-10m2
WsM5AAL,CARRETERA-535,15570,3,0,VILLAGE,20-30m2
WsMhAAL,GARCIA-434,15258,1,0,ANY,N.D.
WsR1AAL,ABAD-533,8225,2,2,ANY,10-20m2
WsTFAA1,SISSIA-502,14640,2,2,VILLAGE,2-5m2
WsunAAD,GENERAL-EDIF-407,33011,3,4,ANY,>20m2
WswaAAD,CARRETAS-513,28670,2,4,ANY,5-10m2
Wt28AAD,CONDE-390,34460,2,2,ANY,N.D.
Wt3UAAT,TRANSMIERA-510,39197,2,2,VACATIONAL,2-5m2
WTafAAH,ANSELM-140,17220,2,4,VACATIONAL,2-5m2
WtAtAAL,JOSE-471,39300,2,4,CITY,<2m2
WtcbAAD,RICARDO-582,6008,2,4,ANY,5-10m2
WTcoAAH,ANGEL-140,23300,2,0,ANY,20-30m2
WjElAAL,AGRICULTURA-794,8100,3,2,ANY,2-5m2
WjENAA1,SANT-720,8600,2,0,ANY,10-20m2
WjEPAA1,CARDONA-621,8693,1,0,VILLAGE,2-5m2
WjpvAAD,PORTADA-732,14700,2,4,ANY,2-5m2
Wjs6AAD,ESPERANZA-641,13003,2,2,ANY,5-10m2
WjwfAAD,DOMENEC-757,8970,2,1,BORDER,5-10m2
Wjy5AAD,CONCEPCIÓN-781,11510,2,1,ANY,<2m2
Wk1CAAT,RAFAEL-235,7011,3,1,CITY,10-20m2
Wkm0AAD,CHICA-230,46315,2,4,COUNTRYSIDE,>20m2
WknXAAT,CIRCUNVALAC-741,4001,2,2,CITY,5-10m2
WknZAAT,IGLESIA-663,46960,3,4,ANY,2-5m2
WkU2AAL,TAIALA-611,17007,2,4,VILLAGE,5-10m2
Wku3AAD,INFANTES-730,33560,2,0,COUNTRYSIDE,N.D.
Wku8AAD,ARZUA-655,15809,2,2,ESCAPE,5-10m2
WkuLAAT,ALMARAZ-711,21710,2,2,VILLAGE,5-10m2
WkvsAAD,MARQUES-687,8003,3,1,LEISURE,5-10m2
Wl0eAAD,ACERA-656,47004,2,4,ANY,5-10m2
Wl2AAAT,EMPEDRADA-642,13300,2,4,VILLAGE,10-20m2
Wl7AAAT,ERVEDELO-721,32002,2,2,COUNTRYSIDE,5-10m2
Wl9SAAT,REAL-798,46017,3,4,ANY,>30m2
WlJKAA1,MANUEL-710,17190,3,1,ANY,5-10m2
WlMyAAL,SOTO-774,28150,2,2,VILLAGE,10-20m2
WlNkAAL,CASTELLO-610,17485,1,0,VILLAGE,N.D.
WlO3AAL,PUENTE-760,34005,2,4,ANY,2-5m2
WlO6AAL,HORNO-721,18381,2,2,VILLAGE,2-5m2
WlQPAA1,MAYOR-662,46669,1,4,VILLAGE,2-5m2
Wqa5AAD,ILLESCAS-492,28024,3,4,CITY,10-20m2
WqalAAD,INDUSTRIA-442,25500,2,0,VILLAGE,<2m2
WqsBAAT,CONSTITUCION-682,37185,3,4,VILLAGE,2-5m2
WsfUAAT,GUADALUPE-517,6180,2,2,ANY,10-20m2
WslBAAT,ALEJANDRO-524,5290,1,4,COUNTRYSIDE,<2m2
WsmRAAT,PROGRESO-413,32350,2,4,ANY,2-5m2
WsmsAAD,REAL-404,29788,2,4,VILLAGE,<2m2
WsRiAAL,LIBERTADOR-582,14013,2,0,ANY,5-10m2
WsTGAA1,EXTREMADURA-504,1003,3,4,ANY,10-20m2
Wt0lAAD,CONSTITUCION-410,39520,1,4,VACATIONAL,2-5m2
Wt1SAAT,PICO-524,31006,2,2,CITY,2-5m2
WTc7AAH,ZUBIAURRE-246,20015,2,1,ANY,10-20m2
WtdoAAD,JATIVA-533,46002,3,4,CITY,2-5m2
WTeGAAX,ALAMEDA-021,21003,2,4,VILLAGE,5-10m2
WTgQAAX,JOAQUIN-094,3610,2,0,ANY,2-5m2
WtHaAAL,VALENCIA-315,46118,2,4,VACATIONAL,10-20m2
WtJQAA1,INFANTE-550,29200,2,4,VILLAGE,2-5m2
WTlXAAX,PEDRO-085,13379,1,0,COUNTRYSIDE,N.D.
WTmLAAX,REAL-155,15600,2,4,ANY,10-20m2
WttEAAT,MEDINA-582,11130,2,4,VILLAGE,2-5m2
WTv3AAH,REYES-079,6130,2,2,VILLAGE,20-30m2
WTZnAAP,ANTONIO-088,28026,2,4,ANY,2-5m2
WU49AAH,DOÑA-290,34100,2,4,ANY,5-10m2
WU4eAAH,CESAREO-041,50008,2,4,ANY,10-20m2
Wu85AAD,REAL-383,28021,2,1,BORDER,5-10m2
WUB3AAP,VILLA-009,50017,2,4,BORDER,5-10m2
WjefAAD,CARLOS-610,27640,2,2,ANY,10-20m2
Wjk0AAD,GUIPUZCOA-724,20800,3,2,CITY,10-20m2
WjkMAAT,ZUMEA-607,20140,2,0,ANY,10-20m2
WjkNAAT,VIZCAYA-630,20550,2,2,ANY,2-5m2
Wjt3AAD,ALCALDE-159,41012,3,4,COUNTRYSIDE,10-20m2
Wk0EAAT,PAÏSOS-011,8500,2,0,ANY,2-5m2
Wk7MAAT,CARRETERA-191,3787,1,0,COUNTRYSIDE,N.D.
WkGFAA1,MANACOR-797,7007,3,4,BORDER,20-30m2
WkNcAAL,MELQUIADES-761,33930,2,2,ANY,10-20m2
WkNZAA1,DOCTOR-680,31012,2,0,BORDER,20-30m2
WkoEAAT,INFANTADO-650,28807,3,4,BORDER,10-20m2
WkpIAAT,FRANCISCO-735,10930,2,0,COUNTRYSIDE,2-5m2
WkTuAAL,MAYOR-619,7230,2,4,VILLAGE,10-20m2
WkvfAAD,MAYOR-722,7143,2,0,VILLAGE,N.D.
WkvVAAT,CIGUEÑA-625,47012,3,1,ANY,5-10m2
Wl04AAD,PALACIOS-740,11500,2,0,ANY,5-10m2
Wl36AAD,TERUEL-725,44661,1,0,ANY,N.D.
WlHUAA1,LOPEZ-622,39770,2,4,ANY,10-20m2
WlIkAAL,DULCE-720,23740,2,4,ANY,2-5m2
WlMBAA1,ABEN-608,46021,3,0,CITY,2-5m2
WlOXAA1,HUESCA-604,28934,3,1,ANY,10-20m2
WlPgAAL,MARC-784,8006,2,0,CITY,5-10m2
WlPpAAL,ESPAÑA-640,46625,2,2,VILLAGE,>20m2
WqbbAAD,FRANCISCO-470,19004,3,0,VILLAGE,>30m2
WqdzAAD,AMAIA-393,20750,2,4,ANY,5-10m2
WqfEAAT,HUELMA-545,18130,1,0,COUNTRYSIDE,N.D.
WqgsAAD,MAYOR-415,25660,2,2,VILLAGE,2-5m2
Wqh6AAD,SIERRA-372,28018,2,4,BORDER,10-20m2
WqiKAAT,MARIA-390,11393,2,2,ANY,>30m2
WqiXAAT,MAYOR-352,16700,2,4,COUNTRYSIDE,5-10m2
WseBAAT,EXTREMADURA-332,6920,2,2,VILLAGE,10-20m2
WsMAAA1,MUSSOL-541,3292,2,2,ANY,5-10m2
WsN2AAL,JUAN-424,13500,2,0,ANY,10-20m2
WsnZAAT,NTRA-494,28802,2,4,BORDER,5-10m2
WsQZAA1,MOSS-468,8620,3,0,ANY,10-20m2
WsRMAA1,ALICANTE-392,3203,3,2,ANY,10-20m2
Wsv3AAD,VIEJA-309,30562,2,0,ANY,20-30m2
WswwAAD,MERECIA-565,39690,2,0,VILLAGE,N.D.
Wsx6AAD,CALLEJILLA-352,28729,2,4,VACATIONAL,5-10m2
Wsx7AAD,MAYOR-303,28723,2,4,VILLAGE,2-5m2
Wt1LAAT,HUERTO-536,29012,2,0,LEISURE,5-10m2
WTaoAAH,MEIRA-MEIRA-213,27240,2,0,VILLAGE,2-5m2
WtBSAA1,DOCTOR-570,45460,1,2,ESCAPE,N.D.
WtCuAAL,MAJOR-528,43790,2,2,ESCAPE,2-5m2
WtD0AAL,SANTA-361,14630,2,4,VILLAGE,10-20m2
WTdeAAH,GRAN-022,28013,2,4,LEISURE,2-5m2
WTgbAAH,MAYOR-186,22280,2,4,VILLAGE,20-30m2
WTgNAAX,BASSA-041,25131,1,4,VILLAGE,N.D.
WTgPAAX,RAMON-050,18600,2,0,VILLAGE,5-10m2
WtHhAAL,PORTAL-371,46630,2,4,COUNTRYSIDE,2-5m2
WtHMAA1,RAIMUNDO-428,28003,2,4,BORDER,2-5m2
WtHTAA1,VILELA-491,36958,2,2,ANY,5-10m2
WtIJAA1,HELIODORO-426,48014,2,0,CITY,5-10m2
WjMdAAL,MONTCADA-695,8003,2,4,LEISURE,5-10m2
WjmFAAT,ALMENDRO-005,18539,1,0,COUNTRYSIDE,N.D.
WjpDAAT,REAL-771,18563,2,2,COUNTRYSIDE,>20m2
WjpHAAT,DRACENA-661,28016,2,0,CITY,5-10m2
WjqfAAD,ANDRES-662,17003,2,2,VILLAGE,10-20m2
Wk15AAD,DIVINA-001,11404,2,4,VILLAGE,5-10m2
Wk8AAAT,MORA-056,45740,2,2,VILLAGE,5-10m2
Wkj7AAD,ANTONIO-689,48970,2,0,BORDER,2-5m2
WkMtAAL,CONSTITUCION-703,28630,2,4,VILLAGE,N.D.
WknUAAT,MAJOR-796,8017,2,0,CITY,2-5m2
WkteAAD,BERLIN-616,28820,3,0,ANY,>20m2
WkudAAD,QUEMADA-765,21300,2,4,ESCAPE,2-5m2
WkvbAAD,MAGNOLIAS-775,28029,2,0,BORDER,5-10m2
WkvlAAD,ANDALUCIA-765,41920,2,1,VILLAGE,2-5m2
WkvrAAD,MOLI-612,8420,2,0,BORDER,N.D.
WkwBAAT,COSTA-640,50300,3,0,VILLAGE,10-20m2
WkwGAAT,MADRID-694,1002,2,0,BORDER,5-10m2
Wl0RAAT,VICENTE-772,3201,2,0,ANY,5-10m2
Wl0tAAD,CASTELAO-675,15570,3,0,ANY,>30m2
Wl1VAAT,FRANCESC-701,8911,2,2,CITY,5-10m2
Wl2nAAD,BARBERAN-775,28805,1,4,ANY,5-10m2
Wl8oAAD,PADRE-774,20001,3,4,CITY,<2m2
WlNmAAL,SALVADOR-732,8940,3,4,BORDER,5-10m2
WlNUAA1,CARRERA-640,4760,2,0,ANY,2-5m2
WlORAA1,UTRERA-731,41530,2,0,ANY,<2m2
WlPKAA1,ARCA-674,47013,2,1,ANY,20-30m2
Wqb1AAD,BARALLA-545,27680,2,4,COUNTRYSIDE,2-5m2
WqdTAAT,CAMINO-412,28019,3,1,BORDER,N.D.
WqjAAAT,MEDITERRANEO-568,12530,2,1,VACATIONAL,2-5m2
WqONAA1,PUJADES-349,8005,2,1,BORDER,10-20m2
WsKiAAL,CLAVE-347,8295,2,4,ANY,5-10m2
WsMbAAL,PICOTA-MAZARICOS-351,15256,2,2,VILLAGE,5-10m2
WsmfAAD,ESTRELLA-423,28007,2,0,CITY,10-20m2
WsRkAAL,ALONSO-335,14001,2,2,CITY,5-10m2
Wsw4AAD,GENERAL-393,39006,2,0,BORDER,2-5m2
Wt17AAD,JAIME-423,33900,2,2,ANY,5-10m2
Wt1YAAT,MUNDIÑO-522,31820,1,0,VILLAGE,20-30m2
WTanAAH,CRECENTE-270,27250,1,0,ANY,N.D.
WTd2AAH,CHIQUINQUIRA-123,28033,2,4,BORDER,5-10m2
WtdKAAT,MUNGUIALDE-380,48160,2,0,ANY,2-5m2
WTevAAH,LIBERTAD-260,24400,3,0,VILLAGE,10-20m2
WTgnAAH,CAÑADA-211,14113,1,1,CITY,N.D.
WtI2AAL,PIQUETE-392,50330,1,2,COUNTRYSIDE,N.D.
WTjaAAH,SANT-221,8302,2,0,CITY,N.D.
WTjxAAH,RIERA-072,8350,3,2,ESCAPE,>30m2
WTk8AAH,TABLAS-161,13004,3,1,ANY,5-10m2
WTlyAAH,GALICIA-107,15970,1,0,COUNTRYSIDE,<2m2
Wtm4AAD,CARRERA-591,41610,2,0,ANY,5-10m2
WtnFAAT,MADRID-592,28189,1,0,COUNTRYSIDE,N.D.
WTNgAAP,TRAVESSERA-008,8028,2,4,CITY,2-5m2
WttZAAT,DOCTOR-440,24009,2,1,ANY,5-10m2
WTxNAAX,GRANADA-021,29310,2,0,VILLAGE,20-30m2
WtypAAD,AYUNTAMIENTO-536,45161,2,0,VILLAGE,>20m2
WjeIAAT,ESPAÑA-640,26300,2,3,COUNTRYSIDE,5-10m2
WjeOAAT,INFANTA-771,28020,2,1,LEISURE,<2m2
WjjlAAD,EUSKAL-781,20740,2,4,VILLAGE,10-20m2
WjkoAAD,VILLAREJO-786,24358,1,0,COUNTRYSIDE,N.D.
WjlJAAT,OBISPO-640,21530,2,2,ANY,5-10m2
WjpzAAD,MAYOR-710,16500,2,2,COUNTRYSIDE,10-20m2
WjqPAAT,RONDA-790,12002,3,2,VILLAGE,5-10m2
WkBFAA1,PROGRESO-731,6007,2,4,ANY,2-5m2
WkHjAAL,EXCELENTISIMA-601,1306,1,2,ANY,N.D.
WkIaAAL,MANUEL-613,33001,2,4,CITY,2-5m2
WkigAAD,ASTILLERO-622,48013,3,0,ANY,10-20m2
WkiNAAT,GRABADOR-778,46013,2,0,ANY,2-5m2
WkpCAAT,VALERIANO-621,10110,2,2,COUNTRYSIDE,5-10m2
WkpKAAT,SANT-681,12596,3,0,VILLAGE,5-10m2
Wkr1AAD,MANUEL-223,10310,3,0,VILLAGE,20-30m2
WkU1AAL,INES-625,39012,2,4,ANY,10-20m2
WkulAAD,BONIFACIO-711,39300,2,0,ANY,5-10m2
WkVJAA1,GRAL-791,43203,3,4,ANY,5-10m2
WkvvAAD,FLOREZ-640,33820,2,2,ANY,2-5m2
WkwKAAT,ESPAÑA-775,50450,2,0,VILLAGE,5-10m2
WkzLAAT,HACIENDA-296,28030,2,1,CITY,N.D.
WkzMAAT,MIRABEL-062,28044,2,4,BORDER,5-10m2
Wl1UAAT,GENERALISIMO-721,11160,2,4,ANY,5-10m2
Wl6VAAT,PUERTA-736,30700,3,4,VILLAGE,10-20m2
WlHqAAL,CASTELLANA-650,28046,2,0,CITY,2-5m2
WlJNAA1,JOHANN-673,8021,2,0,CITY,5-10m2
WlJYAA1,JUAN-740,50500,2,2,COUNTRYSIDE,5-10m2
WlKdAAL,CATALUNYA-071,43896,2,0,VILLAGE,5-10m2
WlMXAA1,MONELOS-722,15008,2,0,CITY,5-10m2
WlODAA1,ANTONIO-722,23006,2,0,ANY,5-10m2
WlOMAA1,MAJOR-664,8580,2,4,VILLAGE,N.D.
WlOuAAL,ANCHA-604,18012,2,4,CITY,10-20m2
WlXnAAL,FRAY-761,16630,2,0,VILLAGE,20-30m2
Wqc0AAD,QUIROGA-564,27346,1,4,COUNTRYSIDE,N.D.
Wqc5AAD,MAYOR-410,19420,2,0,COUNTRYSIDE,N.D.
WqdSAAT,VIRGEN-321,28037,3,4,BORDER,5-10m2
WqeWAAT,BIDEBARRIETA-531,20600,2,4,VILLAGE,N.D.
WsKhAAL,GRAN-537,8295,2,0,ANY,5-10m2
WsKlAAL,SANTA-320,8301,2,4,ANY,5-10m2
WsmGAAT,CALVARIO-314,29410,2,2,VILLAGE,20-30m2
WsMwAAL,MORENO-460,11002,2,0,ANY,20-30m2
WsSbAAL,MENENDEZ-521,11300,2,0,ANY,N.D.
WsTBAA1,PUERTA-370,14550,2,4,ANY,<2m2
Wt1bAAD,ANTONIO-430,34001,3,0,ANY,>30m2
Wt3BAAT,JURRIO-334,39612,2,2,VILLAGE,10-20m2
WtBcAAL,AMARGURA-341,45519,2,2,VILLAGE,>20m2
WtcsAAD,EDIFICIO-328,8960,2,0,ESCAPE,<2m2
WtDKAA1,CORTES-323,46980,3,4,ANY,20-30m2
WtdSAAT,SEBASTIAN-402,12100,3,1,ANY,5-10m2
WTgFAAX,COSO-160,22001,2,4,CITY,20-30m2
WThhAAH,GENERAL-290,11660,2,2,ANY,20-30m2
WtIHAA1,CUATRO-413,16535,2,0,COUNTRYSIDE,N.D.
WTiHAAX,THIVIERS-013,3730,2,4,VILLAGE,2-5m2
WjeFAAT,CARRERA-782,25280,2,4,ANY,10-20m2
WjeHAAT,MAGDALENA-740,26200,3,4,ANY,5-10m2
WjEMAA1,MERCABARNA-LOCAL--772,8040,3,3,ANY,10-20m2
WjieAAD,CORREDERA-611,23476,2,4,VILLAGE,10-20m2
WjkHAAT,FERNANDEZ-782,28015,2,4,LEISURE,5-10m2
WjqcAAD,CONSTITUCION-731,16730,2,2,ESCAPE,5-10m2
WjtIAAT,JOSE-290,45150,2,0,ESCAPE,>20m2
Wjx8AAD,BATALLA-782,11380,3,4,ANY,5-10m2
WjyUAAT,ESCUELAS-701,14550,2,4,ANY,5-10m2
WkC0AAL,JAIME-706,7012,2,1,CITY,2-5m2
WkhsAAD,DOCTOR-624,46006,2,4,ANY,10-20m2
WknzAAD,TOMAS-753,11407,2,0,ANY,10-20m2
WkSyAAL,LOPE-653,48930,2,2,ANY,20-30m2
WkwFAAT,BOHONAL-740,6692,2,4,COUNTRYSIDE,10-20m2
WkzuAAD,SANTIAGO-680,49004,2,1,CITY,5-10m2
Wl0BAAT,ALAMOS-630,23680,2,4,VILLAGE,N.D.
Wl2kAAD,PRINCIPAL-615,47195,2,4,VILLAGE,5-10m2
Wl8VAAT,CORREOS-781,47001,2,1,CITY,5-10m2
WlHaAAL,PARLAMENTO-655,8015,2,1,LEISURE,10-20m2
WlIeAAL,ESCOLES-622,8017,2,0,CITY,5-10m2
WlMqAAL,VENERABLE-710,42100,2,0,ANY,5-10m2
WqcSAAT,LLERS-539,17740,2,2,VILLAGE,N.D.
Wqe9AAD,MAYOR-361,1200,2,2,ANY,5-10m2
WqfRAAT,SANTISIMO-567,21500,2,0,VILLAGE,>20m2
WqiHAAT,ISAAC-581,11550,3,4,VACATIONAL,5-10m2
WqjPAAT,GRAN-462,8292,2,4,ANY,5-10m2
WqjYAAT,CAMI-400,12593,2,2,VILLAGE,2-5m2
WsKQAA1,CAMI-302,12118,1,0,COUNTRYSIDE,<2m2
WslQAAT,MAYOR-510,31400,2,1,VILLAGE,2-5m2
WslSAAT,MAYOR-312,31440,2,4,VILLAGE,10-20m2
WsmaAAD,CRUZ-391,36841,2,4,ESCAPE,N.D.
WsnaAAD,LISBOA-445,28850,3,0,VILLAGE,2-5m2
WsuAAAT,ENTREPEÑAS-536,28803,3,4,VILLAGE,2-5m2
WswbAAD,CUEVA-323,28670,3,0,ANY,10-20m2
Wt0hAAD,GRAN-540,33560,2,4,COUNTRYSIDE,N.D.
Wt0zAAD,ALMERIA-433,4271,2,0,ANY,N.D.
Wt3bAAD,ESPAÑA-515,40270,2,2,VILLAGE,10-20m2
WTa9AAH,ALCALDE-130,27220,2,0,COUNTRYSIDE,N.D.
WTaLAAX,PUERTO-243,28038,2,4,BORDER,10-20m2
WTb4AAH,JOAQUIN-141,23450,2,4,VILLAGE,5-10m2
WtD2AAL,JUAN-442,3202,2,0,CITY,10-20m2
WTdDAAX,JUAN-012,20304,2,0,BORDER,5-10m2
WtDeAAL,MIRANDA-591,8940,2,0,BORDER,5-10m2
WTi3AAH,LOGROÑO-019,9198,2,2,ANY,2-5m2
WTkuAAH,CANTABRICO-097,8214,2,1,ANY,5-10m2
WTlMAAX,FLORIDA-203,8940,3,4,BORDER,20-30m2
WTmPAAX,LATAS-SEIJAS-014,15567,1,2,ESCAPE,N.D.
WtmvAAD,RAMON-401,9200,3,0,BORDER,>30m2
WtnoAAD,CONCEPCION-370,16239,2,0,ESCAPE,2-5m2
WToeAAH,REAL-071,14240,2,2,ANY,10-20m2
WtQBAA1,DIPUTACIO-523,8011,3,4,LEISURE,10-20m2
WtrrAAD,ORIHUELA-465,3325,2,2,ANY,2-5m2
WjdhAAD,LOPAN-733,4008,2,1,ANY,<2m2
WjksAAD,REAL-735,18293,2,4,VILLAGE,N.D.
WjnJAAT,PEDRO-161,46600,3,4,VILLAGE,>30m2
WjpaAAD,RODRIGUEZ-621,18600,2,4,VILLAGE,5-10m2
WjpPAAT,REAL-703,21750,2,4,VACATIONAL,2-5m2
WjqQAAT,JOAQUIN-691,12006,3,1,BORDER,<2m2
WjtxAAD,TORRES-058,43710,2,2,VILLAGE,N.D.
Wk9AAAT,MARTIN-741,6291,1,2,COUNTRYSIDE,N.D.
WkhgAAD,VALENCIA-780,46400,2,4,ANY,5-10m2
WkMJAA1,FRUELA-794,33402,2,0,ANY,5-10m2
WkOvAAL,VIRGEN-641,29310,2,0,VILLAGE,10-20m2
WkpOAAT,IGLESARIO-662,15145,1,2,VILLAGE,N.D.
WkprAAD,MAGDALENA-643,43350,2,4,VILLAGE,2-5m2
WktLAAT,SANT-760,8720,2,0,ANY,2-5m2
WktWAAT,CARRASQUEIRA-SISAN-624,36638,1,0,ESCAPE,>30m2
WkTZAA1,DUQUESA-744,50010,2,0,BORDER,10-20m2
WkUoAAL,MAYOR-744,43720,2,4,VILLAGE,10-20m2
WkvFAAT,ESPAÑA-734,50190,3,4,COUNTRYSIDE,10-20m2
WkwQAAT,ENMEDIO-726,50193,1,1,COUNTRYSIDE,10-20m2
WlKgAAL,ALTERO-014,44520,1,2,ANY,2-5m2
WlM4AAL,MORALET-690,3699,2,4,VILLAGE,<2m2
WlMeAAL,SANTIAGO-681,45810,2,0,VILLAGE,N.D.
WlMPAA1,CREU-670,17002,3,1,CITY,10-20m2
WlNDAA1,LUGO-PORTOMARIN-645,27188,1,2,VILLAGE,N.D.
WlOCAA1,PUENTEZUELAS-620,18002,3,4,LEISURE,5-10m2
WlOLAA1,CHOUPANA-616,15706,2,0,CITY,2-5m2
WqaVAAT,MOSEÑOR-301,26320,2,2,VILLAGE,5-10m2
Wqe7AAD,MARIANO-473,24008,2,4,ANY,20-30m2
WqGXAA1,BENET-400,8034,2,1,CITY,10-20m2
WqikAAD,REPUBLICA-352,12006,2,1,BORDER,2-5m2
WqjcAAD,MAESTRO-392,12600,3,0,ANY,5-10m2
WsfmAAD,CACERIA-322,6450,2,2,VILLAGE,2-5m2
WsLGAA1,FLORIDA-483,2652,2,2,COUNTRYSIDE,10-20m2
WsM6AAL,CAMIÑO-345,15570,3,4,ANY,10-20m2
WsMdAAL,SABARDES-FREIXO-583,15230,1,0,ESCAPE,N.D.
WsTIAA1,ALTA-312,14640,2,0,ANY,>20m2
WsueAAD,PEREZ-333,30100,2,0,CITY,10-20m2
WswLAAT,ASTURIAS-450,33206,2,0,CITY,N.D.
Wt10AAD,COLON-340,30510,3,0,ANY,10-20m2
Wt1pAAD,OBISPO-500,29014,2,1,BORDER,2-5m2
Wt1QAAT,ANSOAIN-433,31014,2,0,BORDER,10-20m2
WtAgAAL,VIRGEN-517,14004,2,1,VILLAGE,>20m2
WTbJAAX,VILLALBA-130,27370,2,2,VILLAGE,5-10m2
WTe0AAH,MEDITERRANEO-014,28007,2,0,CITY,10-20m2
WTe1AAH,NIZA-154,28022,3,4,CITY,20-30m2
WteeAAD,RIOJA-510,50017,3,0,CITY,10-20m2
WTF4AAP,PINTOR-089,8028,2,4,CITY,2-5m2
WTi2AAH,VALLADOLID-258,9230,1,2,ANY,2-5m2
WtJNAA1,MAYOR-497,42360,2,0,ANY,N.D.
WtJrAAL,MARIA-312,43203,3,4,BORDER,2-5m2
WTjtAAH,INSUA-041,15319,2,1,ESCAPE,N.D.
WtmPAAT,FRONTON-348,1120,1,0,ANY,2-5m2
WTmzAAH,ANTONIO-103,3204,3,2,VILLAGE,20-30m2
WjkSAAT,ESLA-651,24010,2,0,ANY,2-5m2
WjlHAAT,GUAIMARAL-622,28033,2,4,BORDER,<2m2
WjlXAAT,PLAZA-652,24548,1,2,COUNTRYSIDE,N.D.
WjpiAAD,FUENCARRAL-742,28004,3,1,LEISURE,5-10m2
WjqiAAD,MAYOR-702,9130,1,2,ANY,N.D.
WjweAAD,CRISTOBAL-666,8830,3,4,ESCAPE,5-10m2
WjxOAAT,CORREDERA-720,11402,2,1,ANY,2-5m2
WjySAAT,SANTA-730,11540,2,4,ANY,10-20m2
WjyvAAD,PUERTA-791,2313,1,2,ANY,N.D.
WkaPAAT,CHILE-755,47161,1,2,VILLAGE,5-10m2
WkBVAA1,PABLO-685,2320,2,2,COUNTRYSIDE,<2m2
WkMuAAL,ANTONIO-703,30559,2,1,ANY,>20m2
WkpDAAT,VEGA-730,11130,2,4,ANY,>20m2
WkVyAAL,JUAN-730,47800,2,0,VILLAGE,5-10m2
WkzJAAT,OPORTO-109,28025,2,1,BORDER,2-5m2
WlIXAA1,DOCTOR-707,48010,2,0,CITY,N.D.
WlLxAAL,CUESTA-781,39001,2,0,BORDER,N.D.
WlMJAA1,GABRIEL-601,3001,2,3,CITY,N.D.
WlNnAAL,GRIFO-633,32780,2,4,COUNTRYSIDE,N.D.
WlO5AAL,CONSTITUCION-610,24600,2,2,COUNTRYSIDE,2-5m2
WlPQAA1,VIRGEN-614,7313,2,4,VILLAGE,5-10m2
WqhqAAD,ORDESA-330,22340,2,0,ANY,2-5m2
WqjVAAT,VICENTE-351,9200,2,0,ANY,N.D.
WqNiAAL,SANT-372,8012,2,0,LEISURE,10-20m2
WsMrAAL,PRINCESA-585,3006,3,1,BORDER,20-30m2
WsQjAAL,RAMON-381,13350,3,2,COUNTRYSIDE,2-5m2
WsSnAAL,BLAS-341,14620,2,2,VILLAGE,5-10m2
Wsu8AAD,SILICIO-585,28850,3,0,VILLAGE,5-10m2
Wt3ZAAT,EMILIA-506,36204,2,2,CITY,5-10m2
WtAjAAL,GENERAL-562,33877,1,0,COUNTRYSIDE,N.D.
WTbFAAX,ALFONSO-143,27340,1,0,COUNTRYSIDE,N.D.
WTcEAAX,ANDALUCIA-020,23370,2,2,VILLAGE,20-30m2
WtcmAAD,TORCUATO-492,33203,2,0,ANY,5-10m2
WtCYAA1,VILAMARTIN-483,27818,2,2,CITY,N.D.
WtdJAAT,SANTA-591,47011,3,0,BORDER,2-5m2
WTeoAAH,SACATAPON-047,21500,2,4,VILLAGE,10-20m2
WTfIAAX,CORAZON-038,28002,2,4,CITY,2-5m2
WTirAAH,ENMIG-111,12191,2,2,COUNTRYSIDE,2-5m2
WtKIAA1,BAMI-571,41013,2,0,ANY,2-5m2
WTlcAAH,PESQUEIRA-180,15939,2,4,ANY,5-10m2
WTmCAAX,INGENIERO-015,11010,2,0,CITY,<2m2
WToLAAX,JOSE-001,16650,2,2,COUNTRYSIDE,N.D.
WTrXAAX,CAGIGAL-001,6200,2,0,VILLAGE,2-5m2
WtsgAAD,FELIX-423,33007,2,4,CITY,2-5m2
Wtt1AAD,EUSTASIO-390,45700,3,0,VILLAGE,10-20m2
WtylAAD,AGUA-571,16423,2,2,COUNTRYSIDE,N.D.
WTYmAAP,PELAYO-221,22532,1,2,VILLAGE,5-10m2
WTYuAAP,CARMEN-140,25400,2,4,VILLAGE,<2m2
WTYvAAP,MAJOR-231,25430,2,2,VILLAGE,2-5m2
WTzEAAX,CALVO-150,32400,2,2,ESCAPE,5-10m2
WTzWAAX,CONSTITUCION-120,28500,3,1,BORDER,5-10m2
WU0uAAH,BADAJOZ-043,28921,3,1,BORDER,2-5m2
WU1TAAX,JUAN-217,28911,3,4,BORDER,2-5m2
WU56AAH,JOANOT-020,46400,2,4,VACATIONAL,5-10m2
WjePAAT,INMACULADA-720,22550,2,0,VILLAGE,>30m2
WjlhAAD,SIERRA-760,28018,2,1,BORDER,N.D.
WjrhAAD,SANT-791,8302,2,4,ANY,5-10m2
WjteAAD,EDUARDO-057,8295,2,0,VILLAGE,10-20m2
WkaBAAT,JUAN-754,3348,2,2,VILLAGE,20-30m2
WkhhAAD,JUAN-610,48980,2,0,CITY,2-5m2
WkoCAAT,CONSTITUCION-710,47600,1,2,VILLAGE,5-10m2
WkoUAAT,LOGROÑO-695,31240,2,2,VILLAGE,2-5m2
WktkAAD,GENEAL-629,50008,2,4,CITY,5-10m2
Wku5AAD,FEDERICO-646,18007,2,0,ANY,2-5m2
Wl07AAD,FERROCARRIL-713,46701,3,0,BORDER,10-20m2
Wl0NAAT,JOSE-680,36690,2,1,VILLAGE,2-5m2
Wl11AAD,SEBASTIA-724,17300,3,0,BORDER,20-30m2
Wl2TAAT,SANTA-783,28045,2,4,BORDER,<2m2
Wl99AAD,MADRID-713,14610,2,0,ANY,>20m2
WlIyAAL,CANDIDO-679,26142,2,2,VILLAGE,5-10m2
WlNYAA1,FRANCISCO-651,14857,2,2,VILLAGE,2-5m2
WlO2AAL,DELICIAS-616,28045,2,1,BORDER,2-5m2
WlPVAA1,CONSTITUCION-621,11680,2,4,VILLAGE,20-30m2
WqdvAAD,ALCALA-545,28017,2,4,BORDER,5-10m2
WqeHAAT,ESGLESIA-583,17411,3,4,VILLAGE,20-30m2
WqgDAAT,MARIANA-302,18500,3,0,ANY,5-10m2
Wqi0AAD,JAIME-560,16239,2,0,ESCAPE,2-5m2
Wqj5AAD,ALCORA-485,12550,3,4,VILLAGE,5-10m2
WqZeAAL,NUEVA-420,22450,1,0,VILLAGE,5-10m2
WsLOAA1,INOCENCIO-391,10812,2,2,COUNTRYSIDE,5-10m2
WslPAAT,CRUZ-511,31370,2,4,VILLAGE,5-10m2
WsLSAA1,SIERRA-544,3011,2,4,ANY,2-5m2
WsMUAA1,CASTILLA-335,13249,2,0,COUNTRYSIDE,N.D.
WsSqAAL,CAÑETE-390,16004,2,2,ANY,2-5m2
WswgAAD,ALCALDE-420,30366,2,4,ANY,5-10m2
WTaVAAX,CARRERA-150,23680,2,0,ANY,N.D.
WTbYAAX,OLAVIDE-262,23200,3,0,ANY,5-10m2
WTcmAAH,DOMINGO-091,23500,2,4,VILLAGE,10-20m2
WTd8AAH,BUENOS-107,28038,2,4,BORDER,5-10m2
WTe7AAH,ARCIPRESTE-048,28015,2,1,CITY,N.D.
WTgaAAH,LORCA-254,28033,2,4,BORDER,2-5m2
WTgyAAH,JIMENEZ-271,16237,2,2,COUNTRYSIDE,2-5m2
WTkBAAX,REINA-104,13190,2,0,ESCAPE,10-20m2
WTlZAAX,CRISTO-290,13260,2,2,VILLAGE,10-20m2
WtnnAAD,ALFONSO-366,15680,2,2,ANY,2-5m2
WtOUAA1,MAYOR-427,46610,3,4,VILLAGE,5-10m2
WTq5AAH,GLORIETA-198,2240,2,2,COUNTRYSIDE,10-20m2
WtrxAAD,CARRERA-391,23002,3,0,ANY,5-10m2
WU17AAH,MIGUEL-043,30392,1,2,ANY,2-5m2
WU18AAH,ALCALDE-273,33450,2,4,ANY,N.D.
WU4tAAH,SANT-056,43382,1,2,VILLAGE,N.D.
Wu5oAAD,ALFREDO-534,33205,2,0,CITY,2-5m2
WU5XAAX,PALMAS-217,36957,2,2,ESCAPE,10-20m2
WU9jAAH,JUAN-002,21440,2,4,VILLAGE,10-20m2
WUAJAA5,RAFAELA-253,28026,2,0,BORDER,<2m2
WUCEAA5,GERARDO-160,42250,1,0,ANY,10-20m2
WucsAAD,JOSEP-587,43885,1,0,ESCAPE,N.D.
WjDaAAL,DANTE-733,8032,2,0,BORDER,5-10m2
WjerAAD,GIRONA-738,17243,2,1,VILLAGE,N.D.
WjjUAAT,ANDALUCIA-690,23669,2,2,COUNTRYSIDE,N.D.
WjkeAAD,FUENTENEBRO-667,28042,2,0,BORDER,<2m2
WjkrAAD,DIEZ-652,24810,1,0,COUNTRYSIDE,2-5m2
WjlKAAT,ESPAÑA-731,21510,3,1,ESCAPE,5-10m2
Wjq3AAD,CATALUÑA-790,8820,2,4,BORDER,2-5m2
WkAHAA1,FORTALEZA-620,5500,2,4,COUNTRYSIDE,2-5m2
WkHMAA1,CONDESA-704,28027,2,1,CITY,5-10m2
WkIUAA1,ESTACION-655,30590,2,3,ANY,>20m2
WkNIAA1,GENERAL-784,33680,1,0,ANY,N.D.
WkNiAAL,HONDAL-671,39526,1,0,VILLAGE,N.D.
WknpAAD,LEOPOLDO-773,37760,1,4,VILLAGE,<2m2
WkoqAAD,IGLESIA-773,13150,2,4,COUNTRYSIDE,10-20m2
WkqSAAT,MAYOR-102,50400,2,4,ANY,10-20m2
WkTKAA1,SANTIAGO-757,41318,2,2,VILLAGE,N.D.
WkUuAAL,JUAN-686,41008,2,4,ANY,5-10m2
WkvDAAT,BENALAQUE-744,19171,2,2,VILLAGE,5-10m2
Wl06AAD,ALFONSO-790,11201,2,0,VILLAGE,N.D.
Wl0jAAD,MARTIRES-792,13210,2,2,VILLAGE,2-5m2
Wl12AAD,MALLORCA-633,47013,2,0,BORDER,10-20m2
Wl72AAD,LOPEZ-722,28002,2,1,ANY,2-5m2
WlD9AAL,EUTERPE-148,43390,1,0,ESCAPE,N.D.
WlHDAA1,CARDENAL-601,45003,2,0,ANY,5-10m2
WlMTAA1,RAMON-792,24640,2,0,ANY,2-5m2
WlNwAAL,VILLARROYA-794,46191,3,4,VILLAGE,5-10m2
WlQhAAL,MORELLA-741,12006,2,1,VILLAGE,2-5m2
WqaPAAT,MAJOR-351,25580,1,2,VILLAGE,N.D.
WqazAAD,GRAL-575,27560,2,0,COUNTRYSIDE,N.D.
WqjNAAT,RAMBLA-520,8700,3,4,ANY,2-5m2
WsmbAAD,EZEQUIEL-359,28017,2,4,BORDER,N.D.
WsMVAA1,JUAN-490,13410,2,2,COUNTRYSIDE,>20m2
WsmWAAT,REPUBLICA-485,36860,2,4,VILLAGE,10-20m2
WsnBAAT,MAYOR-510,28801,2,4,BORDER,2-5m2
WsRlAAL,ALMOGAVARES-475,14006,2,0,ANY,10-20m2
WsSBAA1,PUERTAS-423,11401,2,0,ANY,5-10m2
WsSxAAL,CABALLEROS-521,16330,2,4,COUNTRYSIDE,5-10m2
WsT6AAL,VALDES-393,11500,3,4,ANY,>30m2
WswFAAT,ANTONIO-496,30593,2,4,ANY,5-10m2
Wt2XAAT,VIRGEN-461,36002,2,0,CITY,5-10m2
Wt2YAAT,BLANCO-362,36002,3,0,CITY,2-5m2
WTacAAH,SANT-258,17846,2,2,VILLAGE,N.D.
WTaYAAX,VEINTIDOS-050,23740,2,0,VILLAGE,10-20m2
WTb9AAH,GRAN-083,17780,1,2,VILLAGE,N.D.
WTcuAAH,MARIA-201,3600,2,0,VILLAGE,2-5m2
WTgEAAX,MARIA-020,22004,2,1,ANY,10-20m2
WThFAAX,INFANTA-151,11540,2,0,ANY,10-20m2
WThkAAH,CASALDUCH-220,12005,3,1,BORDER,5-10m2
WTihAAH,ARENAL-260,9200,2,0,LEISURE,5-10m2
WTiZAAX,FLORENCIO-090,8700,2,4,ANY,10-20m2
WTmSAAX,ABAD-111,8225,2,0,ANY,5-10m2
WTnbAAH,MARIA-282,11401,2,1,ANY,<2m2
WTNcAAP,PROVENÇA-032,8029,3,0,BORDER,5-10m2
WtXJAA1,CA'N-412,7839,1,4,VACATIONAL,>30m2
WtyZAAT,MAYOR-420,33800,2,2,ANY,>20m2
WTZLAA5,CALVARIO-070,22400,3,0,ANY,>30m2
WTZZAA5,MERCADAL-270,26500,2,0,ANY,10-20m2
WU3XAAX,GAUCIN-239,29003,3,4,ANY,10-20m2
WU4cAAH,MARIA-071,18291,2,0,ANY,N.D.
Wu5VAAT,PRIM-570,41410,2,4,ANY,10-20m2
WU8tAAH,PUJOLET-264,43711,2,2,VILLAGE,N.D.
WU9vAAH,BERTENDONA-251,48008,2,4,LEISURE,10-20m2
WUAAAA5,ERDIKO-085,48810,2,2,ANY,>20m2
WUcXAAX,MARE-143,46730,2,4,VILLAGE,5-10m2
WucYAAT,ALTA-320,46148,1,4,ESCAPE,N.D.
WueqAAD,ISLA-474,39140,2,2,VACATIONAL,N.D.
WUHKAA5,PUERTA-260,41600,2,0,VILLAGE,>30m2
WUhsAAH,PEDRO-293,46005,2,1,CITY,5-10m2
WUiKAAX,ARRABAL-165,43839,2,2,VACATIONAL,10-20m2
WUiOAAX,GALICIA-062,32750,1,2,COUNTRYSIDE,N.D.
WUJwAAP,PRIMERO-232,46200,3,2,VILLAGE,5-10m2
WUKTAA5,NACIONAL-282,47340,1,1,VILLAGE,N.D.
WUKzAAP,JUAN-252,33208,2,4,ANY,10-20m2
WuLEAA1,FANEGO-573,27730,1,0,COUNTRYSIDE,N.D.
WULMAA5,AZUCENAS-281,28039,2,0,LEISURE,2-5m2
WuM9AAL,LUCAS-308,41010,2,4,BORDER,5-10m2
WuNeAAL,PIÑAL-507,39313,2,0,VILLAGE,2-5m2
WuO5AAL,ALTA-460,50177,2,2,VILLAGE,5-10m2
WURiAAP,SINEIRO-111,36633,2,4,VILLAGE,N.D.
Wut1AAD,CONSTITUCION-343,4700,3,0,VILLAGE,10-20m2
X9yeAAD,GRAL-491,6004,2,1,ANY,5-10m2
XA7SAAX,MEDIODIA-526,29194,2,1,VILLAGE,N.D.
XC6vAAH,JAZMIN-849,28033,3,0,CITY,5-10m2
XC6wAAH,CARABELOS-870,28041,3,0,BORDER,5-10m2
XC9RAAX,SENECA-VALLE-849,21660,3,2,VILLAGE,5-10m2
XCAMAA5,ANDALUCIA-920,18550,2,1,VILLAGE,5-10m2
XCbJAAX,MAJOR-831,46600,3,4,VILLAGE,>30m2
XCcjAAH,ARRABAL-851,41510,2,4,ANY,5-10m2
XCd5AAH,DIAGONAL-915,8850,3,4,ANY,10-20m2
XCdTAAX,MALLORCA-853,8029,2,4,CITY,2-5m2
XCEcAAP,TRAS-940,15621,1,0,ESCAPE,N.D.
XCFsAAP,HUERFANAS-855,15703,2,0,LEISURE,10-20m2
XCi8AAH,BENIGAFULL-962,12600,2,4,VILLAGE,2-5m2
XClYAAX,MAYOR-944,49610,2,4,ANY,<2m2
XCNVAA5,GENERAL-920,36800,2,0,VILLAGE,5-10m2
XCOKAA5,PASEO-920,32625,1,2,ANY,N.D.
XCPKAA5,GALICIA-977,28913,3,4,BORDER,2-5m2
XCQAAA5,FRANCISCO-974,33670,2,0,ANY,5-10m2
XCqeAAH,ROSO-910,10120,2,4,COUNTRYSIDE,10-20m2
XCREAA5,LOUREIRO-990,36004,2,2,ANY,2-5m2
XCU2AAP,PINTOR-913,46018,3,4,ANY,5-10m2
XCW3AAP,IPARRAGUIRRE-806,48009,2,0,LEISURE,10-20m2
XCxbAAH,MADRID-834,18198,3,0,VILLAGE,>30m2
XCXlAAP,JUANA-850,7196,1,4,ANY,N.D.
XCxvAAH,PINTOR-822,20305,1,4,ANY,10-20m2
XKCWAA5,GENERAL-962,48008,2,0,LEISURE,<2m2
WuatAAD,LAUAXETA-404,48004,2,4,BORDER,10-20m2
WUAuAAP,GORBEA-190,48160,2,2,ANY,5-10m2
WUBlAAP,ANTONIO-070,14720,2,0,VILLAGE,2-5m2
WUBRAA5,AGUILAR-190,14500,2,4,ANY,2-5m2
WUfbAAH,RAMON-161,31511,2,2,VILLAGE,5-10m2
WUg0AAH,MAYOR-201,47193,3,2,ANY,20-30m2
WUi9AAH,SANT-090,17220,2,4,CITY,10-20m2
WUJ1AAP,PUIG-288,43470,2,2,VILLAGE,N.D.
WUjLAAX,SAGASTA-122,11001,2,4,ANY,10-20m2
WUknAAH,ALBACETE-290,28903,3,4,BORDER,20-30m2
WuM5AAL,BORRUL-350,46008,2,4,CITY,2-5m2
WUm7AAH,JUAN-103,6003,2,3,ANY,10-20m2
WUmnAAH,JARDINES-004,4460,1,4,ANY,N.D.
WuN0AAL,GRANADA-560,14960,3,0,VILLAGE,2-5m2
WUS7AAP,HACIENDA-288,28030,2,4,BORDER,N.D.
WUShAAP,CAMELIAS-082,36211,3,1,CITY,5-10m2
WuTnAAL,MAESTRO-480,30510,3,0,ANY,10-20m2
WuZuAAL,PRINCESA-416,8003,3,3,LEISURE,2-5m2
Wv1oAAD,MAYOR-380,30500,3,0,VILLAGE,5-10m2
X8c2AAD,CAMPO-673,15873,2,0,ESCAPE,N.D.
X8ZxAAL,SOBRARBE-710,50015,2,0,BORDER,2-5m2
X9xPAAT,BALLESTEROS-330,14900,2,4,ANY,N.D.
XA3tAAH,CONSTITUCION-581,12450,2,0,COUNTRYSIDE,2-5m2
XA6pAAH,COMPOSITOR-462,3400,2,0,ANY,>20m2
XC6NAAX,CLARA-916,28002,3,0,CITY,5-10m2
XC7kAAH,CONDESA-820,19117,2,2,COUNTRYSIDE,N.D.
XC9aAAH,REAL-880,24746,1,4,COUNTRYSIDE,N.D.
XC9qAAH,MARINA-862,21260,2,4,VILLAGE,10-20m2
XCB4AAP,POMPEU-931,8820,3,1,ANY,10-20m2
XCCxAAP,ANCHA-974,10183,1,2,ESCAPE,2-5m2
XCf0AAH,GENERAL-833,7141,2,0,VILLAGE,10-20m2
XCNdAAP,FEDERICO-933,29719,2,2,VILLAGE,10-20m2
XCnJAAX,CONSTITUCION-861,45512,2,0,VILLAGE,N.D.
XCOVAA5,CARRETERA-866,37191,1,0,ANY,N.D.
XCP9AAP,JOVELLANOS-LAS-844,33400,2,0,ANY,5-10m2
XCSNAA5,ADVOCAT-840,8201,2,0,ANY,2-5m2
XCU9AAP,ESTRELLA-902,41015,3,4,ANY,5-10m2
XCVcAAP,FERNAN-801,41740,2,4,VILLAGE,2-5m2
XKIwAAP,MEDIO-817,50780,2,0,VILLAGE,2-5m2
XKIYAA5,NAGUSIA-821,20159,1,2,VILLAGE,N.D.
WTvSAAX,CARRETERA-083,6486,2,0,COUNTRYSIDE,2-5m2
WTzNAAX,ROSALIA-232,36610,2,0,ANY,5-10m2
WU0TAAX,VAQUEROS-002,28490,2,4,VACATIONAL,5-10m2
Wu5bAAD,DOCTOR-465,46714,1,2,VILLAGE,N.D.
WU5RAAX,MARTIRES-284,45622,2,0,COUNTRYSIDE,2-5m2
WU7VAAX,VERDIA-152,15884,2,4,ANY,10-20m2
WuafAAD,ALBACETE-394,46007,2,1,CITY,N.D.
WuaMAAT,FRANCESC-461,8915,3,4,BORDER,10-20m2
WuayAAD,ANTONIO-472,33012,2,1,BORDER,5-10m2
WUCQAA5,PARROCO-259,24010,3,4,ANY,10-20m2
WueeAAD,BARCELONA-355,43120,3,2,VILLAGE,>30m2
WUENAA5,TORRENT-150,8012,2,4,LEISURE,5-10m2
WueXAAT,IGLESIA-490,44623,1,2,ANY,5-10m2
WUF2AAP,PEREZ-287,46018,2,4,CITY,10-20m2
WUg5AAH,BAILEN-289,8009,2,2,CITY,2-5m2
WuGsAAL,SEVERO-470,41008,2,1,CITY,5-10m2
WUisAAH,SORGINTXULO-048,20100,2,2,BORDER,N.D.
WUm6AAH,GRANADA-030,29530,2,2,VILLAGE,2-5m2
WUN0AAP,TERCIA-142,47350,2,2,VILLAGE,N.D.
WUNmAAP,PLAZA-170,8201,2,0,ANY,2-5m2
WUOUAA5,CARRETAS-011,13480,1,0,COUNTRYSIDE,N.D.
WUpAAAX,MARTIN-250,21810,3,1,VILLAGE,10-20m2
WUpBAAX,PURÍSSIMA-122,43201,3,4,ANY,20-30m2
WUREAA5,MANUEL-160,33111,2,4,COUNTRYSIDE,5-10m2
WUSEAA5,CULTURA-005,41300,3,1,VILLAGE,10-20m2
WUSQAA5,RONCAL-124,28916,2,0,ANY,5-10m2
WUw5AAH,REAL-121,10829,2,0,ESCAPE,5-10m2
WUXmAAP,ALTAMIRA-137,48002,1,0,ANY,2-5m2
X8YEAA1,ZURBARAN-780,6002,2,2,CITY,10-20m2
X9TnAAL,MAYOR-663,30440,2,4,VILLAGE,10-20m2
XAYOAA5,PLAZA-399,28950,3,2,VILLAGE,2-5m2
XC7mAAH,MARIA-981,23710,2,0,VILLAGE,10-20m2
XC8nAAH,REAL-943,24193,3,2,ANY,10-20m2
XC8YAAX,SANTIAGO-914,17300,3,0,ANY,<2m2
XCAwAAP,ANGEL-951,22430,2,0,VILLAGE,>30m2
XCE3AAP,EXTREMADURA-923,10613,2,0,VILLAGE,5-10m2
XCEqAAP,SANTO-801,13333,1,0,ESCAPE,N.D.
XCezAAH,DONOSTIA-S-991,1010,3,1,ANY,5-10m2
XCfGAAX,TENIENTE-951,23760,2,2,VILLAGE,5-10m2
XCmcAAH,MAYOR-992,3510,2,2,BORDER,>20m2
XCnXAAX,GRAN-955,13196,1,0,ESCAPE,N.D.
XCOpAAP,JUAN-861,28200,2,4,CITY,10-20m2
XCPcAAP,PARAYAS-912,39600,1,0,ANY,N.D.
XCQOAA5,PREMIN-862,31008,2,0,CITY,5-10m2
XCRKAA5,JOSE-849,29590,2,0,ANY,2-5m2
XCshAAH,PEÑA-942,33192,2,1,COUNTRYSIDE,10-20m2
XCuFAAX,JUAN-903,24002,2,0,ANY,2-5m2
XCuKAAX,CAÑUELO-945,28260,3,2,VILLAGE,10-20m2
XCX3AAP,MANTERIA-906,47004,2,4,CITY,2-5m2
XCxZAAX,ARENYS-857,8035,2,0,CITY,5-10m2
XKE3AAP,CASTILLO-910,41016,2,4,COUNTRYSIDE,10-20m2
XKHzAAP,MALLORCA-804,8026,2,0,CITY,5-10m2
XKItAAP,UMBRIA-893,46164,2,2,VACATIONAL,N.D.
WU3KAAX,ALHONDIGA-040,4820,2,0,ANY,10-20m2
WU8gAAH,HISPANIDAD-072,46520,3,4,COUNTRYSIDE,5-10m2
WU8ZAAX,BATALLA-010,45500,3,0,ANY,10-20m2
Wua1AAD,MELANCOLICOS-558,28005,2,1,ANY,5-10m2
WuakAAD,BLAS-591,28529,3,4,ANY,10-20m2
WUaMAAX,CARLOS-106,9572,1,2,ANY,N.D.
WueLAAT,CAPITAN-487,28029,2,1,BORDER,2-5m2
WUidAAH,CEDACEROS-067,28014,3,4,LEISURE,5-10m2
WUjaAAH,VIRGEN-220,4002,3,4,CITY,10-20m2
WUKbAAP,JOSE-171,12006,3,1,ANY,5-10m2
WUkeAAH,OBISPO-267,48903,2,0,ANY,N.D.
WUlEAAX,OLZINELLES-224,8014,2,4,BORDER,2-5m2
WUm9AAH,ESPAÑOLETO-083,28932,3,4,VILLAGE,10-20m2
WUmAAAX,PARGA-254,15609,1,0,ESCAPE,N.D.
WuMcAAL,CHOPERA-343,28100,2,4,BORDER,5-10m2
WUoGAAX,NTRA-194,8191,3,4,ANY,20-30m2
WuRuAAL,BRAVO-525,28015,3,0,CITY,5-10m2
WUSJAA5,ELOY-246,28010,1,0,LEISURE,<2m2
WUT0AAP,FUENTE-031,23700,2,0,VILLAGE,5-10m2
WuU0AAL,CIRCULAR-351,47004,3,1,ANY,5-10m2
WuU6AAL,DIPUTACION-540,11130,2,4,VILLAGE,>20m2
WUXDAA5,CONSTITUCION-145,30120,3,0,ANY,10-20m2
WUXdAAP,FAJARDO-214,10910,2,4,COUNTRYSIDE,2-5m2
WuYdAAL,LLABRÉS-433,7007,2,1,VILLAGE,10-20m2
WuZcAAL,VIRGEN-521,46181,2,0,VILLAGE,2-5m2
X8b0AAD,BRADENTON-630,6160,2,2,ANY,<2m2
X8gQAAT,SALVADOR-718,50015,3,0,ANY,>30m2
X8YeAAL,GALILEU-691,8028,2,1,BORDER,5-10m2
X9NnAAL,BLAS-663,28044,2,4,BORDER,10-20m2
XA3pAAH,CONSTITUCION-444,10617,1,4,COUNTRYSIDE,10-20m2
XAXfAAP,FRANCISCO-583,28840,3,2,BORDER,20-30m2
XC6fAAH,CANTERAS-978,3313,2,0,VACATIONAL,10-20m2
XCAqAAP,FRANCOS-833,28039,2,0,BORDER,<2m2
XCBWAA5,COMUNEROS-910,9006,2,4,ANY,5-10m2
XCbWAAX,OBISPO-901,46920,3,1,VILLAGE,5-10m2
XCCCAA5,PILAR-991,8786,2,4,VILLAGE,N.D.
XCddAAH,SANTIAGO-970,46623,1,4,ESCAPE,N.D.
XCErAAP,EMPEDRADA-990,13200,3,4,ANY,20-30m2
XCikAAH,MARMOLES-811,29007,2,3,BORDER,2-5m2
XCKTAA5,CONSTITUCION-801,6420,2,2,COUNTRYSIDE,10-20m2
XCNhAAP,ORENSE-820,36700,1,2,VILLAGE,10-20m2
XCPYAA5,ROSARIO-880,33201,2,0,ANY,2-5m2
XCq4AAH,MAJOR-859,8110,2,4,ANY,10-20m2
XCRJAA5,GONZALEZ-997,29570,2,1,ANY,<2m2
XCSUAA5,PERE-940,43205,3,4,ANY,5-10m2
XCSwAAP,ALTO-895,40410,2,4,ANY,10-20m2
XCWSAA5,TARTANGA-939,48950,2,2,BORDER,N.D.
XKbrAAH,EXTREMADURA-978,28011,2,0,ANY,5-10m2
XKCkAAP,BARCELONA-941,8240,2,0,VILLAGE,5-10m2
XKfoAAH,ZUMALACARREGUI-938,31800,2,4,ANY,10-20m2
WUChAAP,VENTAS-250,46360,2,1,VILLAGE,2-5m2
Wud1AAD,RODRIGUEZ-560,28015,2,4,LEISURE,10-20m2
WUEVAA5,ZANJA-185,45638,1,2,COUNTRYSIDE,<2m2
WuezAAD,AVELLANER-302,8940,3,0,BORDER,20-30m2
WUhEAAX,BAJA-086,23110,2,4,VILLAGE,5-10m2
WuHZAA1,FORTIA-584,8850,2,4,ANY,>20m2
WUlgAAH,SANT-132,8870,3,4,BORDER,5-10m2
WUMEAA5,RAMON-259,30620,2,4,VILLAGE,10-20m2
WUn7AAH,BAJA-193,28023,3,1,BORDER,5-10m2
WUo3AAH,MONASTERIO-094,31011,2,4,BORDER,10-20m2
WUObAAP,PASEO-171,28807,3,0,BORDER,5-10m2
WUR1AAP,SANTA-146,21450,2,4,VILLAGE,<2m2
WURlAAP,COLON-201,6500,2,2,VILLAGE,2-5m2
WUSoAAP,RAMON-188,12180,2,2,COUNTRYSIDE,5-10m2
WUWbAAP,CAMPILLO-218,40173,1,2,VILLAGE,N.D.
WUWrAAP,VILLAESPESA-244,4470,2,4,VILLAGE,N.D.
WUWVAA5,PONZANO-219,28003,2,4,BORDER,N.D.
WUX2AAP,MOSSEN-225,17820,3,2,VILLAGE,10-20m2
X8atAAD,CIENFUEGOS-780,8027,3,4,BORDER,20-30m2
X8ckAAD,INFANTA-696,28016,2,1,CITY,5-10m2
X8Y5AAL,CONSTITUCION-628,2694,2,2,COUNTRYSIDE,10-20m2
XAdQAAX,MOLINO-543,44510,1,2,ANY,2-5m2
XC9LAAX,ADORATRICES-872,21004,2,0,ANY,10-20m2
XCAiAAP,RAMBLILLA-902,18680,2,4,VACATIONAL,N.D.
XCe8AAH,BURON-830,27100,2,2,COUNTRYSIDE,N.D.
XCEfAAP,RAMON-856,8830,3,4,BORDER,20-30m2
XCffAAH,MADRID-829,28970,3,0,VILLAGE,>20m2
XCG4AAP,CONSELL-930,3698,2,1,VILLAGE,2-5m2
XCGVAA5,ARENAL-960,15123,2,2,COUNTRYSIDE,5-10m2
XCGYAA5,OBISPO-804,15150,2,4,VILLAGE,2-5m2
XChkAAH,AIBAR-891,31314,1,2,VILLAGE,10-20m2
XCieAAH,CIÑERA-941,24660,2,2,COUNTRYSIDE,2-5m2
XCJhAAP,OLIVAR-912,7002,2,1,CITY,10-20m2
XCM0AAP,MERIDA-844,6893,2,2,VILLAGE,5-10m2
XCm1AAH,CORRALON-951,10130,2,2,ESCAPE,2-5m2
XCQBAA5,ORTIGUERA-973,33795,1,0,COUNTRYSIDE,N.D.
XCqHAAX,CALVO-872,27600,2,2,ANY,10-20m2
XCR0AAP,ELBARREN-845,31880,2,0,VILLAGE,10-20m2
XCrmAAH,ESPERANZA-830,48005,2,0,CITY,2-5m2
XCsnAAH,GENERAL-968,48920,3,0,BORDER,5-10m2
XCtSAAX,ESTRADA-814,48012,3,4,BORDER,5-10m2
XCugAAH,IGLESIA-921,28240,2,2,VILLAGE,5-10m2
XCuMAAX,RUFO-952,48280,2,0,ANY,2-5m2
XCvyAAH,AUSIAS-812,46970,3,4,VILLAGE,2-5m2
XCW2AAP,FERRARA-930,41089,3,4,ANY,10-20m2
XCx7AAH,ARCO-872,28380,3,0,VILLAGE,5-10m2
XCxKAAX,TERUEL-830,22005,3,1,ANY,>30m2
XCxTAAX,MELENDEZ-984,6890,2,2,COUNTRYSIDE,>20m2
XCyLAAX,BARRAMEDA-920,11540,3,0,ANY,>30m2
XKeaAAH,SALZILLO-988,30110,2,0,ANY,10-20m2
WTyMAAX,SANGENJO-134,28034,3,1,CITY,2-5m2
WU0EAAX,SUAREZ-217,33100,2,3,ANY,<2m2
Wu1NAAT,ALEMANYS-341,12580,2,0,ANY,2-5m2
WU2BAAX,ANDALUCIA-195,33208,2,0,BORDER,10-20m2
WU3EAAX,RAMON-191,33930,2,0,ANY,>20m2
WU3zAAH,INFANZONES-126,31151,1,0,VILLAGE,2-5m2
WU47AAH,BECERRO-117,34002,2,1,ANY,5-10m2
WU4RAAX,CRUCERO-SALCEDO-263,36143,1,2,ESCAPE,N.D.
WU5GAAX,CATADAU-237,46195,2,2,VILLAGE,<2m2
WU6aAAH,BOSC-008,8906,2,0,ESCAPE,<2m2
Wu6uAAD,ENRIC-305,25270,1,4,ANY,<2m2
WUDGAA5,MAYOR-010,7300,2,0,CITY,5-10m2
WudhAAD,OCTAVI-582,12600,3,1,VILLAGE,5-10m2
WUdIAAX,GANDARA-SALES-242,15885,2,2,VILLAGE,5-10m2
WUEZAA5,PESO-090,41450,2,4,COUNTRYSIDE,10-20m2
WUFSAA5,PEDRO-016,44370,2,0,VILLAGE,5-10m2
WUIGAA5,ARRABAL-102,47140,2,4,ANY,5-10m2
WUKyAAP,VIRGEN-012,13610,2,4,VILLAGE,2-5m2
WUl0AAH,MEDIA-134,30310,2,4,ANY,5-10m2
WuM0AAL,RAMBLA-594,8850,3,4,BORDER,10-20m2
WUNhAAP,CRAYWINCKEL-248,8022,2,4,CITY,5-10m2
WuNiAAL,OLOT-354,17176,1,2,VILLAGE,N.D.
WuRrAAL,BADALONA-478,8310,2,1,VILLAGE,10-20m2
WUS1AAP,MOVERA-155,50194,2,4,ANY,10-20m2
WuSKAA1,MARE-519,8041,3,2,BORDER,10-20m2
WuTuAAL,BIZCAIA-598,48901,2,0,ANY,N.D.
WUUEAA5,REAL-003,47152,2,0,VILLAGE,2-5m2
WUUVAA5,VETERANA-080,50173,1,2,VILLAGE,N.D.
WUWQAA5,ANTONIO-140,41008,2,0,ANY,>20m2
WUWSAA5,EDUARDO-210,33820,2,0,ANY,5-10m2
WUZTAA5,AUTOVIA-163,50620,2,2,BORDER,10-20m2
X8Y6AAL,FERNANDO-785,50009,2,0,LEISURE,10-20m2
X8YuAAL,NACIONAL-705,3311,2,0,VILLAGE,10-20m2
XA18AAH,PROLONGACION-541,46613,2,2,VILLAGE,2-5m2
XA3uAAH,PAIS-550,3801,2,0,ANY,N.D.
XARVAA5,MAYOR-511,50260,2,4,VILLAGE,20-30m2
XAXcAAP,GENERAL-373,28006,2,1,CITY,5-10m2
XBu9AAH,MAYOR-803,8692,2,2,COUNTRYSIDE,10-20m2
XBzLAAX,DOCTOR-958,8031,2,2,ANY,2-5m2
XC8RAAX,CONDE-861,24004,2,4,CITY,2-5m2
XCAXAA5,NUEVA-850,21600,2,2,ANY,<2m2
XCD2AAP,FRAY-813,12400,3,4,VILLAGE,5-10m2
XCdjAAH,JOSE-962,28830,3,2,BORDER,20-30m2
XCEvAAP,GENERAL-815,15330,2,2,VILLAGE,2-5m2
XCH3AAP,ALMIRANTE-830,11100,2,4,CITY,N.D.
XCH4AAP,REAL-921,11100,2,1,ANY,5-10m2
XChMAAX,SANTA-975,41010,2,4,ANY,2-5m2
XChOAAX,SUASBARRAS-COVAS-961,27850,2,4,COUNTRYSIDE,<2m2
XCiKAAX,MAYOR-831,28570,2,4,COUNTRYSIDE,N.D.
XCJtAAP,MARTIRES-852,6920,2,0,VILLAGE,>20m2
XCPUAA5,CRISTINO-801,4850,2,3,VILLAGE,10-20m2
XCRoAAP,ANTONIO-932,41657,2,2,VILLAGE,<2m2
XCuhAAH,TARRAGONA-840,12003,2,1,CITY,2-5m2
WttbAAD,ESTACION-390,20600,2,0,ANY,10-20m2
WTxZAAX,MAYOR-252,31591,2,0,ANY,10-20m2
WtyfAAD,GOMEZ-481,28280,2,0,VILLAGE,N.D.
WTZBAA5,IBAIZABAL-271,1400,2,0,ANY,N.D.
WTzkAAH,FEDERICO-262,37004,3,4,CITY,5-10m2
WTZXAA5,PONT-113,25280,2,4,VILLAGE,10-20m2
WU3HAAX,LIBERTAD-225,33960,2,2,COUNTRYSIDE,<2m2
Wu6xAAD,VIRGEN-411,16850,1,2,COUNTRYSIDE,<2m2
WU8UAAX,BAILEN-085,46100,3,0,ANY,>30m2
WU9cAAH,BAYONA-221,40560,2,4,VILLAGE,10-20m2
WUc9AAH,HERRERA-005,21110,2,4,CITY,>20m2
WUcUAAX,DOCTOR-113,7550,2,2,VILLAGE,5-10m2
WUdLAAX,ABTAO-057,28007,2,0,CITY,5-10m2
WueMAAT,MADRID-484,41300,2,1,ANY,2-5m2
WUg8AAH,RAFAEL-104,3690,3,1,ANY,10-20m2
WUhCAAX,MAYOR-230,45516,2,2,VILLAGE,5-10m2
WUjCAAX,ALCALA-240,28027,3,1,CITY,10-20m2
WUkiAAH,COMAS-240,8028,3,1,CITY,5-10m2
WUKkAAP,NARCIS-220,8202,2,4,VILLAGE,2-5m2
WUKPAA5,TORRENT-273,46210,2,2,ANY,>20m2
WUMJAA5,CRISTO-051,12580,3,4,VILLAGE,2-5m2
WUmlAAH,VELLA-257,8450,2,2,VILLAGE,N.D.
WUmsAAH,BAUTISTA-202,47500,1,0,VILLAGE,N.D.
WUNDAA5,EDUARDO-132,41018,2,1,CITY,5-10m2
WUnpAAH,CANOVELLES-091,8420,2,4,VILLAGE,10-20m2
WUpDAAX,COVADONGA-233,30300,2,2,BORDER,2-5m2
WUR9AAP,CASTRO-132,1006,2,0,ANY,10-20m2
WuSeAAL,REAL-494,15600,2,0,VILLAGE,10-20m2
WuUBAA1,CHORRO-451,10410,1,0,COUNTRYSIDE,5-10m2
WuUNAA1,TRUENO-350,28770,2,4,VILLAGE,<2m2
WUXhAAP,HINOJALES-142,21005,3,1,CITY,5-10m2
WUXQAA5,MARQUESA-020,28100,2,4,BORDER,10-20m2
WuZOAA1,CERVANTES-520,42100,1,1,ANY,N.D.
X8bXAAT,REYES-632,11100,2,0,ANY,10-20m2
X8gPAAT,SIGLO-782,13770,2,2,ESCAPE,10-20m2
X9waAAD,CONSEJO-504,30331,1,2,VILLAGE,N.D.
X9xrAAD,CONSTITUCION-313,10195,3,4,ANY,10-20m2
XA7qAAH,CAMINO-362,29750,2,2,ANY,10-20m2
XAa0AAH,BARLOVENTO-414,28223,3,4,VILLAGE,5-10m2
XAZCAA5,ISABEL-350,28100,2,0,BORDER,<2m2
XC84AAH,ETORBIDEA-970,20110,2,0,ANY,5-10m2
XC9KAAX,DOCTOR-954,28009,2,1,BORDER,2-5m2
XCBYAA5,MOLINILLO-803,9002,3,0,CITY,10-20m2
XCC3AAP,CALVARIO-899,12591,2,0,VILLAGE,5-10m2
XCCwAAP,FRANCISCO-834,10181,2,4,VILLAGE,10-20m2
XCFfAAP,URIBEGUELA-942,1013,2,4,ANY,10-20m2
XCfKAAX,ORTEGA-841,30800,2,4,ANY,2-5m2
XCfQAAX,ROMERIA-823,11518,2,2,VACATIONAL,N.D.
XCFvAAP,OBISPO-961,8554,2,2,ANY,5-10m2
XCGCAA5,DIAGONAL-913,3206,2,4,ANY,10-20m2
XCh5AAH,VALLADOLID-884,1002,2,0,ANY,5-10m2
XCIaAAP,FUENTE-960,6380,2,4,VILLAGE,10-20m2
XCIFAA5,BADAJOZ-820,6160,1,0,ANY,2-5m2
WteYAAT,CTRA-461,9292,2,4,ANY,2-5m2
WTftAAH,PIUS-142,25003,3,0,BORDER,<2m2
WTgCAAX,NUEVA-182,21850,2,4,ESCAPE,2-5m2
WThjAAH,POSITO-241,11680,2,0,VILLAGE,5-10m2
WtHrAAL,DOCTOR-401,11500,2,1,BORDER,2-5m2
WtJcAAL,PEREZ-450,11630,2,4,ANY,20-30m2
WTjLAAX,PAULINO-011,12440,1,2,COUNTRYSIDE,2-5m2
WTLwAAP,CALVARIO-120,2250,1,0,COUNTRYSIDE,N.D.
WTnEAAX,AGUSTIN-152,14002,2,4,ANY,5-10m2
WToCAAX,MONJAS-010,14650,2,4,VILLAGE,2-5m2
WtsKAAT,AMILCAR-492,11130,3,4,VACATIONAL,>30m2
Wtu6AAD,CANENCIA-394,28729,2,4,COUNTRYSIDE,N.D.
WTvZAAX,MAYOR-200,6186,2,2,ANY,2-5m2
WtWbAAL,ESCULT-327,46006,3,4,VILLAGE,20-30m2
WtWyAAL,RAMON-450,46260,2,2,ESCAPE,2-5m2
Wtz0AAD,ECUADOR-413,36203,3,0,CITY,>30m2
WTzDAAX,PUENTEBARJAS-PADREND-010,32220,2,0,ESCAPE,5-10m2
WTzoAAH,PRINCIPAL-278,5230,2,4,VACATIONAL,5-10m2
WTZpAAP,COSTA-011,28016,2,0,CITY,2-5m2
WTZxAAP,VILLATORRES-292,23009,2,4,VILLAGE,10-20m2
WU1wAAH,COLON-272,28340,3,2,BORDER,20-30m2
WU1zAAH,ORIENTE-190,28690,2,1,VILLAGE,5-10m2
WU3fAAH,OBDULIO-130,33300,2,4,COUNTRYSIDE,2-5m2
WU5FAAX,VILARIÑO-004,36630,2,0,ANY,2-5m2
Wu6sAAD,MARTINEZ-560,2001,2,4,CITY,<2m2
WU90AAH,TESIFONTE-131,2002,2,4,CITY,<2m2
WuaDAAT,ESPAÑA-491,47500,2,2,VILLAGE,N.D.
WUBhAAP,ALBADALEJO-043,11406,2,4,ANY,10-20m2
WuccAAD,SAMUEL-440,32003,2,1,VILLAGE,5-10m2
WucUAAT,PURISIMA-433,12489,1,4,COUNTRYSIDE,>20m2
WudSAAT,RAFAEL-419,8620,2,0,ANY,>30m2
WudvAAD,MARITIMO-502,39180,2,4,VACATIONAL,2-5m2
WUeKAAX,CONSTITUCION-111,45840,2,0,VILLAGE,>20m2
WuGxAAL,MAESTRO-325,30140,2,2,VILLAGE,2-5m2
WUh3AAH,ENRIC-130,43814,2,0,VILLAGE,N.D.
WuHbAAL,GENERAL-541,4450,2,2,ANY,N.D.
WUI9AAP,CERVANTES-130,41500,2,1,ANY,10-20m2
WUjrAAH,JACINTO-126,17244,2,2,VILLAGE,5-10m2
WUjuAAH,CASTELLANA-158,28046,2,0,CITY,N.D.
WUl7AAH,TEMBLEQUE-139,28024,2,4,CITY,2-5m2
WUlNAAX,CALZADA-269,6185,2,1,VILLAGE,10-20m2
WUneAAH,NUNCIO-130,45002,2,4,CITY,N.D.
WUOZAA5,JOSE-154,46022,3,4,CITY,2-5m2
WUP2AAP,SEVILLA-171,23710,2,0,VILLAGE,10-20m2
WUQmAAP,AZNAR-157,50002,2,1,CITY,5-10m2
WURcAAP,MAYOR-104,37750,1,0,ANY,N.D.
WUSgAAP,TRESCASAS-002,40194,2,4,VILLAGE,5-10m2
WuU3AAL,MOLI-330,17141,1,4,VILLAGE,N.D.
WUYuAAP,VIRGEN-261,13300,2,4,VILLAGE,5-10m2
WUZeAAP,ESCORIAZA-031,50010,2,4,ANY,20-30m2
WuZnAAL,LIBERTAD-550,2640,3,4,ANY,5-10m2
X8cdAAD,LEPANTO-755,3650,2,3,VILLAGE,10-20m2
X8cNAAT,SAMUEL-662,32701,1,0,COUNTRYSIDE,N.D.
WtVJAA1,SANTA-411,7108,2,4,VACATIONAL,5-10m2
Wu0gAAD,MURO-430,50600,2,2,ANY,5-10m2
WU1FAAX,DONATO-255,33880,1,0,COUNTRYSIDE,N.D.
WU3AAAX,CONSTANTINO-291,30840,3,2,ANY,5-10m2
WU6NAAX,SANT-282,17005,2,4,BORDER,5-10m2
WU6xAAH,MISTRAL-063,8015,2,4,CITY,5-10m2
WUAoAAP,BERNAT-210,20280,3,1,BORDER,5-10m2
WUEcAAP,CATALUÑA-280,43002,3,4,CITY,10-20m2
WuexAAD,COMTESSA-333,8002,2,3,LEISURE,5-10m2
WUFBAA5,MAJOR-133,7440,2,2,VILLAGE,N.D.
WUfeAAH,JAVIER-063,28018,2,1,BORDER,10-20m2
WUfvAAH,CONVENTO-252,28370,3,4,VILLAGE,5-10m2
WUK9AAP,RICARDO-220,32901,1,0,ANY,N.D.
WUkyAAH,CERVANTES-063,46007,2,4,CITY,2-5m2
WUm5AAH,CONSTITUCION-177,23650,2,0,ANY,2-5m2
WUM5AAP,JAUME-151,46192,3,4,VACATIONAL,2-5m2
WUn3AAH,JAUME-016,7240,2,0,VILLAGE,N.D.
WUO2AAP,CALAHORRA-110,26250,2,0,ANY,10-20m2
WUorAAH,MESONES-270,41560,2,0,VILLAGE,<2m2
WUovAAH,CARVAJALES-092,6220,2,2,VILLAGE,2-5m2
WUpEAAX,VEGA-230,33600,2,2,BORDER,5-10m2
WUYnAAP,RUALASAL-112,39001,1,2,CITY,N.D.
WuZ7AAL,MORENO-465,28005,2,0,CITY,>20m2
WuZbAAL,JUAN-580,30420,3,1,VILLAGE,2-5m2
WuZEAA1,COMUNEROS-345,3440,2,4,ANY,>20m2
WuZvAAL,JUAN-441,46368,2,2,COUNTRYSIDE,10-20m2
X8bGAAT,GUADALUPE-786,6800,3,4,VILLAGE,N.D.
X9UOAA1,URIZ-605,31830,2,4,VILLAGE,10-20m2
X9wMAAT,ANDALUCIA-381,23750,3,2,VILLAGE,10-20m2
XA2pAAH,PERE-430,8400,2,0,ANY,5-10m2
XC6VAAX,PORTAL-841,22590,1,0,VILLAGE,20-30m2
XCbLAAX,RAFAEL-891,46340,3,4,ANY,2-5m2
XCfbAAH,PICASSO-991,41720,2,1,VILLAGE,2-5m2
XCFmAAP,CONSTITUCION-931,13740,2,2,COUNTRYSIDE,5-10m2
XCGAAA5,SEVERO-806,14004,2,4,CITY,10-20m2
XChpAAH,DURANA-820,20550,2,0,ANY,5-10m2
XCJ7AAP,CERVANTES-882,6300,3,0,COUNTRYSIDE,2-5m2
XCjBAAX,NAVARRO-983,1012,2,2,ANY,2-5m2
XCjmAAH,ESCRIBANOS-997,21800,3,0,VILLAGE,2-5m2
XCjtAAH,MADRE-901,26004,3,4,ANY,10-20m2
XClVAAX,GENERAL-878,28003,2,0,LEISURE,2-5m2
XCmlAAH,BARTOLO-807,39011,2,0,ANY,2-5m2
XCrKAAX,RAFAEL-801,41013,2,0,ANY,2-5m2
XCtnAAH,GENERAL-891,10001,3,4,CITY,5-10m2
XCUeAAP,ONDARRETA-954,28830,2,0,ANY,10-20m2
XCvQAAX,VERMONDO-926,41018,2,1,CITY,10-20m2
XCx1AAH,VICTOR-810,28016,2,0,CITY,2-5m2
XCXMAA5,GENERAL-860,45164,2,4,VILLAGE,>20m2
XKIMAA5,CAMI-994,46910,3,0,VILLAGE,10-20m2
WtnUAAT,NUEVA-475,3688,1,0,VILLAGE,N.D.
Wtv1AAD,GUADALAJARA-579,19200,3,4,BORDER,>30m2
WtVnAAL,RAMON-370,48980,2,0,ANY,10-20m2
WU0dAAH,CASANUEVA-264,33161,1,2,ANY,N.D.
WU0gAAH,SEVERO-141,33400,2,1,ANY,5-10m2
WU1eAAH,JUAN-017,30333,2,0,VILLAGE,>20m2
Wu52AAD,ALAVA-511,1400,2,0,ANY,5-10m2
Wu5YAAT,DOCTOR-411,30800,2,4,CITY,5-10m2
Wu7RAAT,SANTANDER-441,39608,1,4,VILLAGE,N.D.
Wu7YAAT,RAMON-593,50410,3,0,ANY,20-30m2
WUAIAA5,DOCTOR-260,49335,1,2,ANY,N.D.
WUBDAA5,JOVELLANOS-203,46680,3,0,ANY,2-5m2
WUcAAAX,MADRID-241,28901,3,4,BORDER,20-30m2
WUd0AAH,GLORIA-021,33204,2,4,CITY,5-10m2
Wue7AAD,MIGUEL-520,19001,2,0,ANY,10-20m2
WUfhAAH,GENERAL-287,8022,2,0,CITY,N.D.
WUHHAA5,ESPAÑA-101,45518,2,1,ESCAPE,>20m2
WUirAAH,MATA-120,13004,2,0,ANY,10-20m2
WUjOAAX,SANT-081,8912,3,4,BORDER,2-5m2
WUkTAAX,TEODORA-206,8022,2,0,CITY,N.D.
WUkvAAH,REPUBLICA-010,28016,2,4,CITY,5-10m2
WUKXAA5,TRINIDAD-233,40237,1,2,VILLAGE,5-10m2
WUlGAAX,VIEJO-193,29738,3,0,VILLAGE,10-20m2
WUm2AAH,LUIS-021,5005,2,4,COUNTRYSIDE,10-20m2
WuMRAA1,DERECHOS-521,34003,2,0,ANY,10-20m2
WUoZAAX,CAPITAN-060,45600,2,4,BORDER,5-10m2
WUPMAA5,BARRIO-022,10616,1,0,COUNTRYSIDE,N.D.
WUUDAA5,CANDELEDA-210,5400,2,4,COUNTRYSIDE,2-5m2
WuUVAA1,CABALLEROS-310,41700,3,1,ANY,5-10m2
WUVKAA5,MIGUEL-210,46620,2,2,VILLAGE,10-20m2
WuYTAA1,CRUZ-522,16660,2,2,VILLAGE,10-20m2
X8cOAAT,GOMEZ-743,46300,2,2,ANY,5-10m2
X8X3AAL,GOIANS-651,15992,2,2,ANY,5-10m2
XA7WAAX,RIERANY-445,8397,3,0,VACATIONAL,10-20m2
XAbaAAH,DAMASO-383,31005,2,4,CITY,5-10m2
XASVAA5,MAYOR-363,10319,2,4,ANY,5-10m2
XBtNAAX,CONCILI-923,8020,2,0,ANY,2-5m2
XC7FAAX,ROLDAN-813,23001,2,0,CITY,<2m2
XCE9AAP,RAMON-870,13400,1,0,COUNTRYSIDE,N.D.
XCgiAAH,GENERAL-921,47470,1,4,VILLAGE,N.D.
XCGOAA5,JOSE-939,14004,2,0,ANY,>20m2
XCGPAA5,BARITONO-889,14005,2,1,ANY,>20m2
XCHrAAP,NEIRA-936,7199,2,0,VILLAGE,5-10m2
XCiwAAH,MAYOR-826,8250,3,4,VILLAGE,2-5m2
XCkbAAH,CINCO-960,50790,2,2,COUNTRYSIDE,N.D.
XCmdAAH,GENERAL-933,33640,2,4,ANY,10-20m2
XCPfAAP,JACINTO-950,28600,3,4,ANY,>30m2
XCRSAA5,BARAHONA-910,29004,2,0,ANY,2-5m2
XCTzAAP,MARIA-975,50004,2,1,CITY,2-5m2
XCu7AAH,TORRE-PEDROSO-816,15597,2,2,ESCAPE,N.D.
XCUZAA5,MAYOR-908,50800,2,2,VILLAGE,20-30m2
XCvHAAX,FRANCISCO-824,28010,2,0,LEISURE,10-20m2
XCVPAA5,MARE-879,8038,2,0,BORDER,5-10m2
WTzmAAH,PORTUGAL-213,37006,2,0,CITY,5-10m2
Wu02AAD,CUESTA-492,18180,2,0,COUNTRYSIDE,10-20m2
WU0PAAX,INFANCIA-051,37542,1,2,ANY,N.D.
WU0SAAX,REINA-291,28430,2,4,VILLAGE,2-5m2
Wu1SAAT,MENTIDERO-494,11003,2,0,ANY,N.D.
WU2TAAX,CALVARIO-202,28223,2,4,BORDER,5-10m2
WU8lAAH,REAL-296,41950,3,1,ANY,>30m2
WuaxAAD,VIENA-502,28850,2,4,BORDER,<2m2
WuaXAAT,PELAYO-402,46007,3,4,LEISURE,5-10m2
WUBXAA5,NAVARRA-197,8320,3,0,BORDER,5-10m2
WUC0AAP,VALLADOLID-141,34002,2,1,ANY,2-5m2
WudCAAT,CATALUNYA-501,8820,3,4,ANY,5-10m2
WuHtAAL,POZO-524,47240,2,2,VILLAGE,5-10m2
WUiDAAX,BOLONIA-104,11510,2,4,ANY,20-30m2
WUJAAA5,MAYOR-211,7630,2,4,VILLAGE,5-10m2
WUlTAAX,DUQUES-072,6300,2,4,ANY,5-10m2
WuMgAAL,VIRGEN-564,46132,2,4,CITY,5-10m2
WUmuAAH,HILARION-065,28015,3,1,CITY,5-10m2
WUNcAAP,AYELO-212,46026,3,4,ANY,2-5m2
WUokAAH,ISABEL-216,34240,2,2,ANY,N.D.
WUoXAAX,CHURRA-010,30110,3,4,ANY,5-10m2
WUSrAAP,MAYOR-051,30161,2,4,VILLAGE,5-10m2
WUT7AAP,JOAN-155,8330,2,0,ANY,2-5m2
WuTEAA1,MORRRONGUILLETA-301,20100,2,1,ANY,10-20m2
WUTsAAP,CALDERON-246,8032,2,4,BORDER,2-5m2
WUU3AAP,DOCTOR-238,8210,2,0,ANY,5-10m2
WuUsAAL,IGLESIA-451,15402,1,0,ANY,N.D.
WUw0AAH,RAIMUNDO-061,28003,2,0,CITY,5-10m2
WUY9AAP,BOTIGUES-032,25210,3,4,VILLAGE,<2m2
WUYaAAP,SANTA-280,50001,3,4,CITY,2-5m2
WuYMAA1,SEVILLA-561,21650,2,2,COUNTRYSIDE,>20m2
WUZoAAP,MONTPEO-074,43719,2,2,VILLAGE,10-20m2
WuZzAAL,COMTE-329,8011,2,3,CITY,5-10m2
XA0QAAX,ARRIETA-391,31002,3,4,CITY,>30m2
XA5OAAX,PARQ-455,18006,2,0,BORDER,10-20m2
XA5vAAH,PIZARRO-518,21670,1,0,VILLAGE,N.D.
XC9EAAX,REAL-818,18327,2,1,VILLAGE,5-10m2
XCA8AAP,JOSE-929,28043,2,0,CITY,N.D.
XCCAAA5,JOAN-976,8182,2,2,VILLAGE,10-20m2
XCEAAA5,RIBEIRA-971,15240,1,0,VILLAGE,N.D.
XCFhAAP,BENIARBEIG-817,3015,3,1,ANY,>30m2
XCG3AAP,PLAZUELA-912,11180,2,2,VILLAGE,>20m2
XCibAAH,CERVANTES-916,50690,2,4,VILLAGE,5-10m2
XCJbAAP,PRIM-970,6001,2,4,CITY,5-10m2
XCmiAAH,CLARA-807,41940,2,1,ANY,10-20m2
XCMpAAP,PARADOR-830,4760,2,2,ANY,2-5m2
XCMUAA5,REIGOSA-863,36827,2,3,ESCAPE,N.D.
XCn0AAH,PLAZA-BARCENACIONES-960,39590,2,2,VILLAGE,N.D.
XCOmAAP,ANGEL-960,37520,1,0,ANY,N.D.
XCptAAH,MONTEVIDEO-870,48200,2,1,CITY,<2m2
XCQmAAP,NAVARRA-854,31012,2,1,ANY,2-5m2
XCRwAAP,BLAS-861,23670,2,2,COUNTRYSIDE,>20m2
XCUJAA5,PROGRESO-804,32005,2,0,ANY,N.D.
WU4oAAH,RAVAL-000,46130,2,4,VILLAGE,2-5m2
WU4WAAX,PERALTO-121,36980,2,0,VILLAGE,5-10m2
WU5KAAX,ARTURO-054,47011,3,4,ANY,2-5m2
WU6CAAX,PUERTO-273,48990,2,4,VILLAGE,10-20m2
WU6JAAX,REAL-161,41960,2,4,ANY,>20m2
WU7kAAH,HERENCIA-291,45730,2,2,VILLAGE,5-10m2
WU81AAH,MIGUEL-064,28045,2,4,BORDER,2-5m2
WUFRAA5,MAYOR-206,44370,2,2,VILLAGE,2-5m2
WUIwAAP,SERRERIA-277,46022,2,0,ANY,5-10m2
WUj3AAH,CARMEN-101,45700,2,4,VILLAGE,10-20m2
WUjiAAH,SEPULVEDA-174,8011,2,4,CITY,10-20m2
WULjAAP,JUAN-058,7190,2,2,VILLAGE,5-10m2
WUmyAAH,SALUD-005,47012,2,1,ANY,5-10m2
WUNlAAP,RECESVINTO-155,45160,2,2,VILLAGE,10-20m2
WUNxAAP,REINA-019,41012,2,4,CITY,10-20m2
WUQJAA5,UNIO-231,25170,2,4,VILLAGE,N.D.
WuT8AAL,BUENOS-384,48001,2,4,LEISURE,10-20m2
WuTmAAL,ALBERT-577,29002,2,3,BORDER,>20m2
WUUAAA5,PINTOR-205,45180,2,2,VILLAGE,10-20m2
WUZ9AAP,ANTONIO-111,4431,1,4,VILLAGE,N.D.
WuZXAA1,MESTRE-317,8021,2,4,CITY,5-10m2
X9wbAAD,BARZANA-541,33117,1,2,COUNTRYSIDE,N.D.
XA12AAH,GRAL-351,33204,2,1,BORDER,2-5m2
XA1BAAX,ANDALUCIA-321,14830,2,2,VILLAGE,2-5m2
XAUsAAP,EXTREMADURA-404,28011,2,4,BORDER,5-10m2
XC8KAAX,ALCALDE-917,28009,2,1,CITY,2-5m2
XC8MAAX,CALLE-830,20280,2,3,ANY,5-10m2
XC9nAAH,SEPULVEDA-861,28011,2,0,BORDER,5-10m2
XC9vAAH,MAYOR-920,24200,2,4,ANY,2-5m2
XCA2AAP,AYUNTAMIENTO-872,18181,2,2,VILLAGE,5-10m2
XCCeAAP,LARGA-883,10190,2,0,COUNTRYSIDE,2-5m2
XCdRAAX,REAL-831,23610,1,4,VILLAGE,10-20m2
XCdVAAX,VALLDAURA-972,8042,2,4,BORDER,10-20m2
XCefAAH,FIGUERES-828,17475,1,0,VILLAGE,N.D.
XCEuAAP,CRISTOBAL-962,3201,2,1,VILLAGE,10-20m2
XCiEAAX,IGLESIA-924,50740,2,4,VILLAGE,10-20m2
XCiYAAX,MAYOR-910,50360,2,2,COUNTRYSIDE,5-10m2
XCjMAAX,SERGIO-973,28812,2,2,COUNTRYSIDE,N.D.
XCOxAAP,RUIZ-901,33400,2,0,ANY,5-10m2
XCOYAA5,MAYOR-804,30570,2,1,ESCAPE,2-5m2
XCPzAAP,CARLOS-980,28751,2,4,VACATIONAL,2-5m2
XCTCAA5,JUAN-812,41800,2,2,ANY,10-20m2
XCvoAAH,ESPAÑA-870,44610,1,2,ANY,<2m2
XCvuAAH,PONTONS-943,8739,2,4,COUNTRYSIDE,>20m2
XCxHAAX,POLVORIN-821,49012,2,2,ANY,20-30m2
XKbOAAX,CAMINO-972,28030,2,0,CITY,5-10m2
XKcPAAX,CEBREROS-902,28011,2,4,BORDER,5-10m2
WTkcAAH,SANTA-020,13600,3,4,VILLAGE,5-10m2
WTkEAAX,OUTEIRO-XAVIÑA-224,15147,1,0,ESCAPE,N.D.
WTktAAH,CALDES-287,8181,2,2,VILLAGE,10-20m2
WTl5AAH,GENERALISIMO-002,13192,1,0,ESCAPE,N.D.
WTMXAA5,FABRA-075,8030,2,1,BORDER,5-10m2
WTnkAAH,MEDINA-038,14005,2,1,CITY,2-5m2
WtoCAAT,PIERETA-504,8784,3,2,VILLAGE,>30m2
WTrTAAX,ATALAYA-122,6378,1,0,COUNTRYSIDE,N.D.
WtUeAAL,SEBULCOR-501,40320,2,2,VILLAGE,10-20m2
WTvbAAH,ALAMEDA-110,6510,2,0,ANY,10-20m2
WTyeAAH,ROXEIRO-292,36690,2,0,VILLAGE,2-5m2
WTYoAAP,ALTA-171,22530,1,0,VILLAGE,2-5m2
WtyvAAD,PORTAL-413,1002,2,0,ANY,5-10m2
WTZ8AAP,ALBERTO-260,28021,2,0,BORDER,10-20m2
WTZvAAP,CONDESTABLE-102,23005,2,2,CITY,5-10m2
WU07AAH,JUAN-168,30130,3,0,ANY,5-10m2
WU0wAAH,PORTO-134,28924,3,1,CITY,10-20m2
Wu0yAAD,SAGASTIEDER-402,20015,2,1,VILLAGE,>20m2
WU1BAAX,RAMON-075,33440,2,0,COUNTRYSIDE,<2m2
WU1nAAH,MAGNUS-161,33201,2,1,CITY,2-5m2
WU3PAAX,CANTABRIA-283,39400,2,4,ANY,2-5m2
WU3yAAH,ROSALIAS-284,4639,2,3,VACATIONAL,5-10m2
WU3YAAX,ALMERIA-189,29018,2,1,ANY,<2m2
Wu7PAAT,PRAT-396,8901,2,4,BORDER,10-20m2
WU9hAAH,ANTONIO-298,50010,2,0,BORDER,>20m2
WUdaAAH,FUENCARRAL-152,28004,2,4,BORDER,10-20m2
WUe9AAH,ALBALAT-013,46680,3,0,VILLAGE,5-10m2
WUEbAAP,GENERAL-015,45180,2,0,VILLAGE,5-10m2
WUffAAH,REYES-253,28740,2,2,VACATIONAL,2-5m2
WUGbAAP,AMARGURA-230,7500,2,0,VILLAGE,5-10m2
WUiuAAH,NACIONAL-221,33794,1,0,ANY,N.D.
WUJfAAP,EMILIO-040,41400,2,0,ANY,10-20m2
WuNAAA1,TARRAGONA-361,43204,3,4,BORDER,10-20m2
WUQYAA5,ROCAMORA-214,17800,2,4,VILLAGE,10-20m2
WUXOAA5,TRAVESIA-176,46760,2,0,VILLAGE,5-10m2
X9PCAA1,POSADA-614,28460,2,4,VACATIONAL,N.D.
X9TmAAL,CARTAGENA-630,30400,3,0,BORDER,10-20m2
X9xpAAD,MAYOR-328,7200,2,2,ANY,10-20m2
XA1UAAX,COBIAN-562,36600,3,0,CITY,>30m2
XA2CAAX,GIRONA-489,8037,2,1,CITY,10-20m2
XA52AAH,CASTRO-424,15856,1,0,ESCAPE,N.D.
XA6RAAX,COLON-471,26003,2,4,ANY,5-10m2
XA7uAAH,BAILEN-362,30360,2,4,ANY,20-30m2
XAcSAAX,COMPTE-371,43003,2,2,CITY,5-10m2
XByvAAH,LAFORJA-919,8021,2,4,CITY,2-5m2
XC6PAAX,BERLANAS-858,28047,3,4,CITY,10-20m2
XC6tAAH,FUENTE-807,28032,3,4,BORDER,<2m2
XCEUAA5,OLIVO-853,13500,2,0,ANY,5-10m2
XCfnAAH,RONDA-969,41010,2,1,ANY,5-10m2
XCGBAA5,SAGUNTO-947,14007,2,1,ANY,10-20m2
XCGNAA5,CIUTAT-816,3828,2,2,COUNTRYSIDE,10-20m2
XCGzAAP,BLAS-826,8902,3,0,BORDER,5-10m2
XCHSAA5,JOAN-839,7014,3,3,BORDER,10-20m2
WtV8AAL,TOLEDO-580,45510,3,4,VILLAGE,5-10m2
WTwkAAH,VALENTIN-061,36940,3,4,ANY,>30m2
WTxBAAX,PILARES-071,31253,1,2,VILLAGE,5-10m2
WTzrAAH,MAYOR-211,28530,3,1,VILLAGE,10-20m2
WU0ZAAX,CARLOS-250,30880,3,0,ANY,5-10m2
WU5UAAX,ENMEDIO-235,45630,2,2,COUNTRYSIDE,<2m2
Wu7jAAD,EUROPA-527,4279,2,1,VILLAGE,5-10m2
WU7XAAX,MAYOR-110,10850,2,2,COUNTRYSIDE,10-20m2
WuaeAAD,PADILLA-322,13330,2,4,COUNTRYSIDE,5-10m2
WuciAAD,GENERAL-451,43530,3,2,VILLAGE,2-5m2
WUD6AAP,OKELURI-218,48903,2,1,BORDER,5-10m2
WUDBAA5,ASUNCION-122,41200,2,2,VILLAGE,5-10m2
WUFoAAP,LLUIS-135,8010,2,1,CITY,20-30m2
WuHlAAL,DOCTOR-502,29009,2,4,ANY,5-10m2
WUL9AAP,BUENAVISTA-132,8293,2,2,VILLAGE,5-10m2
WUlWAAX,CERVANTES-150,32005,2,1,CITY,<2m2
WUMvAAP,BURGO-067,9400,3,4,ANY,>30m2
WUn0AAH,JOSE-148,29006,2,1,VILLAGE,5-10m2
WUO1AAP,DOCTOR-246,12527,2,0,COUNTRYSIDE,2-5m2
WUPgAAP,VICTOR-265,34419,2,1,ANY,5-10m2
WUQdAAP,HORNO-278,29170,2,2,VILLAGE,5-10m2
WUR7AAP,POETA-234,46910,3,4,ANY,2-5m2
WURBAA5,MAYOR-263,43430,1,0,VILLAGE,N.D.
WUSHAA5,FERROCARRIL-221,24400,3,0,ANY,20-30m2
WuSlAAL,GABRIEL-392,28002,2,4,CITY,5-10m2
WuU9AAL,MAYOR-401,3113,2,4,COUNTRYSIDE,2-5m2
WuUYAA1,FABIAN-343,12192,2,4,COUNTRYSIDE,<2m2
WUY5AAP,KURUTZIAGA-060,48200,3,0,VILLAGE,5-10m2
WUY7AAP,VALENCIA-283,12579,3,4,VACATIONAL,5-10m2
X8bDAAT,MAYOR-682,9214,1,2,ANY,N.D.
X8WxAAL,HUMANES-753,28038,2,4,ANY,N.D.
X9UNAA1,PASCUAL-670,30510,2,0,VILLAGE,5-10m2
X9w1AAD,PUENTE-417,23196,1,0,ANY,>20m2
X9wKAAT,DOCTOR-314,41009,2,4,BORDER,2-5m2
XA3rAAH,CADIZ-481,11140,3,0,VACATIONAL,2-5m2
XC7nAAH,CANALEJAS-901,3160,3,4,ANY,2-5m2
XC8LAAX,BRETON-818,28003,1,1,CITY,2-5m2
XC98AAH,COMPOSTILLA-890,24400,3,4,ANY,10-20m2
XC9sAAH,MAYOR-890,1240,2,0,ANY,10-20m2
XCaEAAX,GRUPO-941,48530,2,1,ANY,10-20m2
XCBCAA5,AGUSTIN-911,11160,2,4,ANY,10-20m2
XCBVAA5,BALMES-911,8008,2,2,CITY,10-20m2
XCDqAAP,GALICIA-964,15620,2,0,ANY,>30m2
XCEhAAP,MAYOR-898,8759,3,4,VILLAGE,10-20m2
XCgaAAH,SANTA-835,8788,2,0,VILLAGE,5-10m2
XCGnAAP,ALTA-850,14900,2,0,ANY,5-10m2
XCGrAAP,MAYOR-910,16640,2,2,COUNTRYSIDE,20-30m2
XCj1AAH,DEPORTES-893,28935,3,1,VILLAGE,10-20m2
XCjAAAX,TORRENT-940,8304,2,4,VILLAGE,5-10m2
XCl7AAH,ESTACION-820,45500,3,1,ANY,>30m2
XCPbAAP,DIECIOCHO-920,39610,2,2,VILLAGE,5-10m2
XCRYAA5,ECHEGARAY-842,36002,2,2,VILLAGE,5-10m2
XCT2AAP,COUTO-843,36204,2,0,ANY,5-10m2
WU7rAAH,MUELA-091,41520,2,4,VILLAGE,5-10m2
WU92AAH,REAL-042,19260,2,0,COUNTRYSIDE,N.D.
WUB5AAP,COMPROMISO-199,50002,3,0,BORDER,10-20m2
WUccAAH,MAJOR-111,7748,2,2,ANY,10-20m2
WucWAAT,MIGUEL-598,3369,2,2,VILLAGE,<2m2
WUeJAAX,CISCAR-253,46005,3,4,CITY,<2m2
WUF3AAP,MARTINEZ-238,46007,2,0,CITY,5-10m2
WUfVAAX,FERNANDO-231,41011,2,4,CITY,>30m2
WUkVAAX,BEDOYA-051,32004,2,1,CITY,10-20m2
WUkYAAX,COMERCIO-061,13720,2,2,COUNTRYSIDE,N.D.
WUlbAAH,CARRERA-222,41420,2,2,ANY,5-10m2
WULHAA5,GASPAR-290,33935,1,2,COUNTRYSIDE,N.D.
WUNsAAP,JOSEFA-202,5470,2,4,COUNTRYSIDE,5-10m2
WUPOAA5,ARTAJONA-187,28039,2,4,BORDER,2-5m2
WuqQAAT,TABERNILLAS-436,28005,2,4,LEISURE,2-5m2
WURYAA5,TOMAS-061,6011,2,2,ANY,20-30m2
WUTeAAP,CRUZ-140,27001,2,2,CITY,2-5m2
WuTFAA1,ALFONSO-463,28934,3,4,BORDER,<2m2
WuTXAA1,IBAIALDE-580,48003,3,1,ANY,10-20m2
WuUUAA1,DOCTOR-563,24393,1,2,COUNTRYSIDE,2-5m2
WUVAAA5,AVILA-108,50005,2,4,LEISURE,2-5m2
WUXAAA5,MAYOR-112,49625,2,0,ANY,N.D.
WUXFAA5,DOUTOR-182,36600,3,0,ESCAPE,5-10m2
WuYrAAL,MARCHENA-561,41013,2,4,ANY,2-5m2
WuYtAAL,VIRGEN-395,11011,2,4,ANY,10-20m2
X8clAAD,BENAJETE-661,41510,2,1,ANY,5-10m2
X9UqAAL,MAYOR-794,34190,2,2,ANY,20-30m2
X9yYAAT,ELDUAYEN-320,36300,2,0,ANY,10-20m2
XAYLAA5,REAL-580,28450,2,2,VILLAGE,5-10m2
XBtMAAX,REPUBLICA-931,8023,3,4,CITY,5-10m2
XCBxAAP,ESGUEVA-976,9400,3,0,ANY,10-20m2
XCecAAH,CANTABRIA-957,28042,2,2,ANY,2-5m2
XCiNAAX,CALVO-910,6443,2,4,COUNTRYSIDE,>20m2
XCjEAAX,MAYOR-929,30565,3,4,ANY,5-10m2
XCJpAAP,FRESNO-803,6220,2,4,VILLAGE,10-20m2
XCllAAH,CAUNEDO-932,28037,2,1,BORDER,2-5m2
XCmfAAH,ALQUERIA-890,46510,2,0,VILLAGE,10-20m2
XCMtAAP,VERACRUZ-870,29567,2,4,VILLAGE,2-5m2
XCPhAAP,ESCALONA-992,28630,2,0,VILLAGE,5-10m2
XCTSAA5,HORNO-841,44366,1,0,ANY,<2m2
XCw8AAH,MANUEL-906,41920,3,0,ANY,2-5m2
XD4LAAX,JUAN-920,21200,2,0,VILLAGE,10-20m2
XKHbAAP,REYES-920,14850,2,0,ANY,<2m2
WtnCAAT,MIGUEL-451,46015,3,4,CITY,5-10m2
WtnZAAT,ANTONIO-410,41449,2,2,VILLAGE,10-20m2
WtsqAAD,COLLADO-380,42002,2,1,ANY,10-20m2
WTu6AAH,CONCORDIA-190,6820,1,0,VILLAGE,10-20m2
WtV9AAL,CONSTITUCION-473,46960,2,1,ANY,2-5m2
WtWBAA1,POETA-525,46020,2,4,CITY,5-10m2
WTx0AAH,SANTA-154,29320,3,4,VILLAGE,20-30m2
WtXUAA1,DOCTORES-499,48970,2,0,BORDER,2-5m2
WTyIAAX,SIERRA-029,28031,3,0,BORDER,5-10m2
WTzJAAX,URZAIZ-118,36205,1,0,VILLAGE,2-5m2
Wu0HAAT,MAYOR-410,16600,2,2,VILLAGE,5-10m2
WUAGAA5,AGUSTIN-140,10300,2,4,ANY,10-20m2
WuauAAD,MAJOR-386,8017,3,4,CITY,2-5m2
WUBFAA5,REPUBLICA-105,46021,3,4,ANY,2-5m2
WUCHAA5,OBIETA-129,48950,2,0,ANY,10-20m2
WudOAAT,JOSE-559,29590,2,1,ANY,2-5m2
WUF0AAP,DUQUE-196,46022,2,0,BORDER,5-10m2
WUhbAAH,MAYOR-289,2510,2,4,VILLAGE,>20m2
WUitAAH,BIDEBARRIETA-020,48005,2,0,LEISURE,<2m2
WUjJAAX,LUIS-101,46023,3,4,CITY,2-5m2
WUKqAAP,POETA-120,33204,2,0,CITY,5-10m2
WUmeAAH,MIRAMAR-157,43883,3,4,VILLAGE,>30m2
WUo1AAH,BALSA-010,30850,3,0,ANY,5-10m2
WUOTAA5,FERMIN-263,28034,2,4,CITY,5-10m2
WURuAAP,COSTA-205,50430,2,4,VILLAGE,>20m2
WUSeAAP,VILLACASTIN-291,40006,1,2,VILLAGE,5-10m2
WUSyAAP,VILLARROEL-061,8036,2,0,CITY,2-5m2
WuTaAAL,ENRIQUE-464,36207,2,2,ANY,10-20m2
WUX6AAP,RAFAEL-263,10900,2,2,COUNTRYSIDE,10-20m2
WuZ1AAL,BARRANCO-366,46760,2,4,ANY,5-10m2
WUzzAAH,TORRENT-057,8012,2,4,LEISURE,2-5m2
X9wHAAT,ROSALIA-514,15300,1,4,ANY,N.D.
XA0eAAH,MONAST-397,50013,2,0,ANY,5-10m2
XAQoAAP,BARCELONA-595,50017,2,0,BORDER,>20m2
XAU7AAP,PELOTA-341,19110,2,4,COUNTRYSIDE,2-5m2
XC8CAAX,COMPTE-972,17860,2,2,ANY,5-10m2
XCDjAAP,TERCIA-864,13420,2,0,VILLAGE,N.D.
XCDMAA5,REPUBLICA-924,3007,2,1,BORDER,5-10m2
XCdSAAX,JOSE-831,21006,2,1,ANY,2-5m2
XCE1AAP,CONSTITUCION-832,10592,1,0,COUNTRYSIDE,<2m2
XCEGAA5,ANDRES-831,8757,2,4,ESCAPE,N.D.
XCGHAA5,FRANCESC-950,8720,2,0,BORDER,5-10m2
XCGxAAP,ALFONS-933,8918,3,4,BORDER,5-10m2
XChfAAH,CONSTITUCION-872,30191,2,0,VILLAGE,5-10m2
XCj9AAH,REAL-906,18512,1,0,COUNTRYSIDE,N.D.
XCmMAAX,URIBARRI-920,48200,2,4,CITY,N.D.
XCmPAAX,ILUSTRACION-890,50012,3,4,VILLAGE,20-30m2
XCQ8AAP,GENERAL-982,33614,1,2,ANY,N.D.
XCQGAA5,MONFORTE-935,28029,3,4,BORDER,10-20m2
XCRkAAP,VOLVER-938,28018,3,1,ANY,5-10m2
XCvGAAX,AQUITANIA-993,28032,3,4,ANY,2-5m2
XCVoAAP,JULIA-920,28021,3,0,BORDER,5-10m2
XCvxAAH,ORTEGA-879,30620,3,4,VILLAGE,2-5m2
WtuPAAT,REAL-530,21230,2,0,COUNTRYSIDE,5-10m2
WtXYAA1,SOLIDARIDAD-585,45114,2,4,COUNTRYSIDE,N.D.
WTyUAAX,ALHONDIGA-214,29792,1,0,VILLAGE,N.D.
WTzHAAX,IGREXA-MOSTEIRO-BEMB-266,36313,2,4,VILLAGE,20-30m2
WU1qAAH,JOSE-195,39011,2,4,ANY,N.D.
WU3kAAH,VICTORIO-091,34003,2,4,ANY,>30m2
WU3xAAH,ALDE-225,31870,2,2,VILLAGE,20-30m2
WU3ZAAX,MAGDALENA-003,31015,2,4,ANY,10-20m2
Wu51AAD,MANCHA-309,16196,2,4,COUNTRYSIDE,N.D.
WU71AAH,PARELLADA-074,50007,2,0,BORDER,5-10m2
Wu7BAAT,CONDES-536,27170,2,4,VILLAGE,2-5m2
WUbQAAX,MURCIA-210,28045,2,0,BORDER,10-20m2
WucmAAD,EMBAJADORES-416,28045,2,4,BORDER,2-5m2
WudlAAD,CALDAS-333,32001,2,0,ANY,2-5m2
WUeIAAX,TORRAS-006,8030,3,4,BORDER,10-20m2
WUexAAH,MOLINS-055,43590,2,4,ANY,2-5m2
WUlrAAH,ASTURIAS-282,33004,3,4,CITY,N.D.
WuNlAAL,BAIX-562,8183,2,2,VACATIONAL,10-20m2
WUpPAAX,BLAS-171,41569,1,2,VILLAGE,N.D.
WUQTAA5,VIDAL-116,50005,2,4,BORDER,5-10m2
WURDAA5,IGLESIA-210,41661,2,4,VILLAGE,10-20m2
WuSMAA1,DIPUTACION-425,27870,2,4,VILLAGE,2-5m2
WuTdAAL,ORENSE-322,27004,3,0,VILLAGE,20-30m2
WUx2AAH,GENERAL-005,39007,2,0,BORDER,5-10m2
WUYMAA5,PAZO-027,15313,1,2,COUNTRYSIDE,N.D.
WUZEAA5,CABESTANY-251,22005,3,1,CITY,10-20m2
WuZHAA1,MIRAFLORES-431,41008,2,1,CITY,>20m2
WuZYAA1,PRIM-537,8020,3,0,BORDER,5-10m2
X8aAAAT,BENJAMIN-731,11100,2,0,ANY,10-20m2
X9F0AAL,SEVERIANO-640,10740,2,0,COUNTRYSIDE,2-5m2
XA4oAAH,ROCASOLANO-591,44300,2,4,ANY,5-10m2
XA7NAAX,SANTA-333,28400,3,4,BORDER,5-10m2
XAQmAAP,CAMI-403,46500,3,4,ANY,10-20m2
XAVrAAP,ZUMEL-335,28037,2,4,BORDER,5-10m2
XC6eAAH,BRUSELAS-906,28028,3,4,CITY,<2m2
XCBsAAP,SANT-985,17455,3,4,VILLAGE,5-10m2
XCCnAAP,VIRGEN-870,12430,1,1,COUNTRYSIDE,5-10m2
XCeZAAX,PARRA-904,29197,1,2,ANY,N.D.
XCfmAAH,AEROPUERTO-852,36317,2,4,VILLAGE,2-5m2
XCgJAAX,PARQUE-852,11405,2,0,CITY,5-10m2
XChlAAH,ESTEBAN-840,34120,2,4,ANY,10-20m2
XCP8AAP,ENRIQUE-803,30204,2,0,ANY,10-20m2
XCQuAAP,MARTIRES-802,39300,2,1,ANY,2-5m2
XCsGAAX,GOLAS-824,43580,2,0,VILLAGE,>20m2
XCTKAA5,NICOLAS-854,45682,1,0,COUNTRYSIDE,N.D.
XCTnAAP,MAYOR-973,46595,2,4,COUNTRYSIDE,>20m2
XCvaAAH,BRASIL-917,8028,2,4,CITY,2-5m2
XCYUAA5,TERUEL-956,46008,2,4,CITY,<2m2
XKdSAAX,MAYOR-812,28470,2,2,VACATIONAL,2-5m2
XKFvAAP,LAUREANO-930,8980,2,4,ESCAPE,N.D.
XKHaAAP,RONDA-996,14008,3,4,CITY,2-5m2
XKWbAAP,DELS-910,43830,3,1,VACATIONAL,20-30m2
WTfjAAH,ALBERTO-028,28021,3,1,ANY,10-20m2
WTfOAAX,GRANDE-160,21593,2,2,ESCAPE,2-5m2
WTgXAAX,DOCTOR-072,28038,2,1,BORDER,N.D.
WtIWAA1,POBLE-393,46230,3,1,ANY,2-5m2
WTjIAAX,CANALEJAS-161,12120,2,2,COUNTRYSIDE,2-5m2
WtK4AAL,BELTRAN-540,46360,3,2,VILLAGE,2-5m2
WtmAAAT,MARAGALL-402,8032,2,4,CITY,2-5m2
WtV6AAL,PARAISO-530,45128,1,0,COUNTRYSIDE,N.D.
WTwlAAH,BUEU-152,36940,3,0,ANY,10-20m2
WTxYAAX,RUIZ-112,31590,2,2,ANY,10-20m2
WTYrAAP,MURALLA-133,25334,1,2,VILLAGE,2-5m2
WTz1AAH,CRISTO-016,29700,2,4,ANY,2-5m2
WTZiAAP,ANGEL-090,27001,2,1,CITY,2-5m2
WTzlAAH,ITALIA-072,37006,2,4,LEISURE,5-10m2
WTZuAAP,BATALLAS-011,23008,2,2,CITY,<2m2
WU0BAAX,MILICIAS-274,33003,2,2,CITY,5-10m2
Wu0mAAD,ERAS-511,18127,2,2,VILLAGE,N.D.
WU0tAAH,JUAN-001,28905,3,1,ANY,5-10m2
WU16AAH,JUAN-241,30204,2,4,CITY,2-5m2
WU2uAAH,PALACIO-130,39195,1,0,VACATIONAL,N.D.
WU4iAAH,PALLETER-262,46520,2,4,ANY,5-10m2
Wu5nAAD,RAMON-321,31360,2,0,VILLAGE,>20m2
WU6QAAX,DUQUESA-210,10500,2,4,COUNTRYSIDE,5-10m2
WU7qAAH,RAMON-223,41005,2,0,CITY,5-10m2
WUcaAAH,CRISTO-056,29013,3,4,CITY,10-20m2
WUCXAA5,LAMAS-242,32005,1,1,COUNTRYSIDE,5-10m2
WUdcAAH,PARIS-103,8029,2,4,CITY,5-10m2
WUdJAAX,SERRALLO-072,36309,1,0,COUNTRYSIDE,N.D.
WUeeAAH,OCAÑA-169,28047,2,4,ANY,5-10m2
WUefAAH,EUSKO-089,20810,2,2,ANY,5-10m2
WUftAAH,JOAQUIN-010,46017,3,4,BORDER,2-5m2
WUgVAAX,CIUDAD-062,41927,3,4,VILLAGE,10-20m2
WUHrAAP,OLEZA-213,7141,1,4,VILLAGE,10-20m2
WULBAA5,AGUILAS-064,30800,2,4,ESCAPE,2-5m2
WUm4AAH,GENERAL-234,28019,3,4,BORDER,N.D.
WUMdAAP,FREIXE-182,46980,3,1,ANY,10-20m2
WUmhAAH,ARQUITECTE-078,7004,2,4,VILLAGE,10-20m2
WUoqAAH,SANCHEZ-060,46199,1,4,COUNTRYSIDE,5-10m2
WUQrAAP,RAMON-060,6518,2,4,VILLAGE,2-5m2
WUQUAA5,ANDALUCIA-148,41100,1,0,COUNTRYSIDE,2-5m2
WUROAA5,LARIÑO-260,15292,1,3,ESCAPE,N.D.
WURUAA5,HERNANDO-070,47014,2,1,VILLAGE,10-20m2
WuTAAA1,LLIBERTAT-415,17833,2,4,VILLAGE,10-20m2
WUUaAAP,REAL-062,45210,3,4,VILLAGE,20-30m2
WUVZAA5,REAL-030,28730,3,4,VACATIONAL,2-5m2
WUXCAA5,ANTONIO-181,4867,2,4,VILLAGE,5-10m2
WV0TAAX,DOCTOR-211,17400,2,4,VILLAGE,20-30m2
WzKyAAL,CALANDA-409,28043,3,4,ANY,10-20m2
WzKzAAL,ISLAS-498,28035,2,1,ANY,20-30m2
X8YvAAL,JOSE-739,39330,2,2,VILLAGE,N.D.
X9wBAAT,BEATO-510,11004,2,4,ANY,10-20m2
X9wXAAT,FERNANDO-410,50680,2,2,COUNTRYSIDE,5-10m2
X9yZAAT,CARLOS-517,30150,3,2,VILLAGE,10-20m2
WTivAAH,CRUCEIRO-290,15660,2,2,VILLAGE,10-20m2
WTkfAAH,ESTRADA-113,15404,3,1,ANY,10-20m2
WtKNAA1,MAJOR-468,7208,1,0,VILLAGE,N.D.
WTMWAA5,ROGENT-265,8026,3,0,BORDER,5-10m2
WTmZAAX,CUATRO-071,11207,1,2,VILLAGE,N.D.
WtnmAAD,VIRGEN-581,21220,2,2,COUNTRYSIDE,N.D.
WTnsAAH,HIGUERA-002,15124,2,2,VILLAGE,2-5m2
WTofAAH,SENECA-022,14208,1,2,VILLAGE,N.D.
WTp3AAH,CASCABEL-270,6280,2,4,COUNTRYSIDE,5-10m2
WTpYAAX,RAMON-221,6270,2,4,COUNTRYSIDE,10-20m2
WTtWAAX,REAL-140,6600,2,0,COUNTRYSIDE,10-20m2
WtuEAAT,ORDESA-412,18190,2,4,ANY,>20m2
WtWhAAL,PLATERIA-532,47194,1,2,VILLAGE,N.D.
WTxfAAH,SOTO-206,36590,2,2,VILLAGE,2-5m2
WTxWAAX,MAYOR-211,31540,2,0,VILLAGE,10-20m2
WTyBAAX,CONCEPCION-253,36870,2,2,VILLAGE,10-20m2
WTyPAAX,LUIS-180,29700,2,0,ANY,2-5m2
WTzbAAH,CAMINO-192,30152,2,2,VILLAGE,10-20m2
Wu0PAAT,LORETO-520,1010,2,4,BORDER,5-10m2
WU12AAH,MAYOR-283,30440,2,0,ANY,10-20m2
WU15AAH,JARA-290,30202,2,0,CITY,10-20m2
WU3bAAH,IÑIGO-284,31002,2,1,CITY,N.D.
WU4dAAH,RAFAEL-233,41006,2,4,VILLAGE,>30m2
Wu5cAAD,MAYOR-556,46750,2,2,VILLAGE,5-10m2
Wu6BAAT,ASKATASUN-540,48200,2,0,ANY,5-10m2
Wu6CAAT,ZUBIAURRE-490,48215,2,0,BORDER,<2m2
WUBZAA5,VIRGEN-213,3002,2,4,COUNTRYSIDE,5-10m2
WUHlAAP,PARAISO-096,47003,2,4,CITY,N.D.
WUJ3AAP,CONSTITUCION-260,46293,2,2,VILLAGE,2-5m2
WuLgAAL,JUEZ-410,12003,3,4,CITY,2-5m2
WuNxAAL,SANT-406,8037,2,4,CITY,10-20m2
WUO4AAP,ANDREA-045,7014,1,0,VILLAGE,N.D.
WUPxAAP,CONCEPCION-233,9002,3,0,LEISURE,10-20m2
WUSIAA5,LABRADORES-202,16120,2,4,VILLAGE,2-5m2
WUSYAA5,MAYOR-020,37500,2,2,ANY,2-5m2
WUtSAAX,TORREURIZAR-002,48012,2,1,BORDER,2-5m2
WUVzAAP,AYUNTAMIENTO-231,46880,2,2,VILLAGE,>20m2
WuYzAAL,EUSEBIO-474,7004,2,1,VILLAGE,N.D.
WuZVAA1,CLARET-393,17406,1,4,VILLAGE,5-10m2
WzaXAAT,GARIBAY-410,20004,2,2,CITY,10-20m2
X1mbAAD,NEVADA-742,18198,3,4,VILLAGE,>30m2
X8gNAAT,MAYOR-709,12231,1,4,COUNTRYSIDE,N.D.
X8WlAAL,REYES-770,24008,2,4,ANY,5-10m2
XA0iAAH,JUAN-439,50009,2,4,CITY,5-10m2
XCeAAAX,SANTANDER-840,24911,1,0,COUNTRYSIDE,N.D.
XCFnAAP,CARLOS-921,14014,2,0,ANY,2-5m2
XCq3AAH,LAGUNILLAS-916,29012,2,0,ANY,<2m2
XCrzAAH,CAMI-884,8789,2,2,ESCAPE,<2m2
XCsfAAH,MANUEL-892,41004,2,1,CITY,2-5m2
XCtdAAH,JAIME-939,46010,2,1,CITY,5-10m2
XCUFAA5,UGARTE-941,1400,1,0,ANY,5-10m2
XCVGAA5,GOMEZ-984,46191,3,0,VILLAGE,2-5m2
XCVgAAP,RODEO-960,10412,2,0,COUNTRYSIDE,5-10m2
XCvpAAH,JUAN-881,46008,3,4,CITY,>30m2
WUcYAAX,SANT-022,8921,3,2,BORDER,20-30m2
WudbAAD,MAJOR-477,12530,3,1,ANY,2-5m2
WudBAAT,CERVANTES-570,10161,2,2,COUNTRYSIDE,2-5m2
WudrAAD,PORTILLO-542,47011,2,4,ANY,10-20m2
WueaAAD,CASTILLA-485,15570,2,0,VILLAGE,N.D.
WUf3AAH,JUAN-170,3804,2,2,VILLAGE,10-20m2
WuFSAA1,SANTA-430,47100,2,2,VILLAGE,2-5m2
WuHgAAL,SANTANA-522,6920,2,0,VILLAGE,10-20m2
WUHMAA5,MAYOR-044,46115,2,4,VILLAGE,10-20m2
WUHNAA5,MANUEL-260,45222,2,2,VILLAGE,10-20m2
WUHSAA5,ALEJANDRO-122,7340,2,0,VILLAGE,N.D.
WUjcAAH,ALCACER-205,15600,2,0,ANY,>30m2
WuM2AAL,ISLA-390,21420,2,4,ESCAPE,N.D.
WUMeAAP,CONCILI-147,8020,2,0,BORDER,10-20m2
WUmjAAH,JOAN-115,8850,3,4,VILLAGE,10-20m2
WUMsAAP,CHURRUCA-254,3003,2,1,CITY,5-10m2
WUmWAAX,MANUEL-048,12530,2,4,ANY,<2m2
WuNFAA1,MESONES-550,23538,2,2,COUNTRYSIDE,>20m2
WUNSAA5,CRISTO-211,45580,2,2,ESCAPE,10-20m2
WUNYAA5,CAMPOAMOR-170,12001,3,0,VILLAGE,<2m2
WUoiAAH,ARROYO-209,41008,2,0,BORDER,2-5m2
WUoJAAX,TORTOLA-021,47012,2,0,ANY,10-20m2
WUoyAAH,RAFAEL-143,28400,2,0,BORDER,2-5m2
WUSnAAP,MARQUES-242,46700,2,4,ANY,5-10m2
WUSVAA5,CAMPANARIO-164,18198,2,1,VILLAGE,10-20m2
WuThAAL,CHILE-510,45004,3,1,CITY,2-5m2
WuTwAAL,ARABIAL-380,18003,2,0,VACATIONAL,20-30m2
WUUHAA5,ZUMALACARREGUI-178,48007,2,1,ANY,5-10m2
WUZNAA5,ODIEL-015,41900,2,2,ANY,N.D.
WV0YAAX,REAL-020,11100,2,4,ANY,N.D.
X9EPAA1,MONARES-750,50280,2,0,VILLAGE,<2m2
X9OJAA1,MANZANARES-655,28011,2,1,BORDER,2-5m2
X9w0AAD,DOCTOR-507,46760,2,0,ANY,2-5m2
XA2sAAH,IRLANDA-312,8303,3,4,VILLAGE,>30m2
XA3QAAX,PONT-516,8570,3,0,VILLAGE,5-10m2
XA7TAAX,CONSTITUCION-433,29180,2,1,VILLAGE,2-5m2
XCdUAAX,PUENTECILLA-820,30400,3,4,ANY,2-5m2
XCDVAA5,NUEVA-914,13427,1,0,COUNTRYSIDE,N.D.
XCEIAA5,ANGEL-872,8940,2,4,BORDER,<2m2
XCf9AAH,REAL-880,6678,1,4,COUNTRYSIDE,10-20m2
XCG1AAP,CONSTITUCION-810,8720,2,4,ANY,2-5m2
XChQAAX,PUERTO-814,5450,2,4,COUNTRYSIDE,5-10m2
XClCAAX,BARRIO-841,1307,1,2,ANY,2-5m2
XClMAAX,CARRETERA-812,14610,2,4,ANY,>20m2
XClsAAH,CARRETERA-890,1308,1,2,ANY,N.D.
XCORAA5,ZAMORA-890,37008,1,2,ANY,2-5m2
XCQDAA5,NUEVA-862,33592,2,1,COUNTRYSIDE,N.D.
XCRdAAP,CRUZ-803,41005,2,0,ANY,5-10m2
XCtrAAH,MARMOLES-924,29007,2,1,ANY,10-20m2
XCvjAAH,VILADOMAT-887,8015,2,4,CITY,10-20m2
XCvWAAX,ESPAÑA-911,10460,2,4,COUNTRYSIDE,>20m2
XCVyAAP,GASTEIZ-934,1009,1,0,ANY,2-5m2
XCWdAAP,JOSEP-973,43850,2,3,VACATIONAL,5-10m2
WUB7AAP,SANTIAGO-019,28970,3,0,BORDER,10-20m2
WUbzAAH,ROMA-052,8560,3,0,VILLAGE,N.D.
WUeAAAX,CARBONEROS-091,23430,2,2,VILLAGE,5-10m2
WuEkAAL,GRANADA-402,18656,2,2,VILLAGE,2-5m2
WUfqAAH,CARRERA-290,23740,1,0,ANY,2-5m2
WUfxAAH,DAMAS-235,49167,1,0,ANY,N.D.
WUkjAAH,VERDUM-111,8016,3,4,BORDER,2-5m2
WUlKAAX,PALENCIA-232,39300,2,4,ANY,N.D.
WUlLAAX,NURIA-276,8514,1,2,VILLAGE,5-10m2
WUlXAAX,PASEO-143,12580,2,0,VILLAGE,5-10m2
WUm1AAH,SALVADOR-110,46369,2,4,COUNTRYSIDE,10-20m2
WUOhAAP,GRANADOS-202,10664,1,0,ESCAPE,5-10m2
WUpGAAX,MAYOR-020,44780,1,0,ANY,5-10m2
WuSZAA1,IGLESIA-553,30334,1,0,ESCAPE,N.D.
WuUhAAL,CONCEPCION-352,36900,2,2,ANY,N.D.
WUW5AAP,SABINO-174,48940,2,4,BORDER,5-10m2
WUW7AAP,BATALLA-077,30560,2,0,VILLAGE,5-10m2
WUX4AAP,REAL-123,10163,2,2,COUNTRYSIDE,N.D.
WUxTAAX,SERVANDA-106,11006,2,4,ANY,N.D.
WUXzAAP,GRANADA-137,14009,2,1,VILLAGE,2-5m2
WUY6AAP,ITURRITXO-201,48220,2,2,VILLAGE,N.D.
WUYNAA5,CASTRIÑO-TARAGOÑA-115,15985,1,2,VILLAGE,N.D.
WUYoAAP,NOVA-023,8310,2,2,VILLAGE,10-20m2
WUZVAA5,SOLEDAD-291,3390,2,0,VILLAGE,2-5m2
X1mlAAD,BORNEO-783,37003,2,1,ANY,>30m2
X9OLAA1,PUERTO-625,28031,3,0,BORDER,<2m2
X9z1AAD,JUAN-461,23230,2,2,VILLAGE,20-30m2
XAVqAAP,MUÑOZ-590,28025,2,4,BORDER,N.D.
XC6nAAH,IGLESIAS-932,25700,2,1,VILLAGE,10-20m2
XC7ZAAX,GARCIA-802,23510,1,4,VILLAGE,5-10m2
XC9PAAX,ANCHA-807,21100,2,1,VACATIONAL,5-10m2
XCB9AAP,MIGUEL-912,11550,3,0,VACATIONAL,10-20m2
XCe1AAH,LASAGABASTER-927,48530,1,0,ANY,10-20m2
XCG6AAP,REALEJO-871,14002,2,0,CITY,>20m2
XCgkAAH,RIBES-935,8590,1,2,VILLAGE,5-10m2
XCNXAA5,PICO-979,28035,2,1,BORDER,2-5m2
XCNyAAP,VIRGEN-803,4661,2,2,VILLAGE,2-5m2
XCowAAH,ESPAÑA-830,37500,3,0,ANY,10-20m2
XCOwAAP,RIVERO-950,33400,2,0,ANY,10-20m2
XCPEAA5,SANTA-930,39003,3,1,ANY,>30m2
XCqfAAH,TRAJANO-860,41002,2,3,LEISURE,<2m2
XCRjAAP,BULEVAR-962,4738,2,2,VACATIONAL,5-10m2
XCsPAAX,BARON-865,46001,2,4,CITY,5-10m2
XCviAAH,ANCHA-922,23659,2,2,COUNTRYSIDE,5-10m2
XCVQAA5,HOSPITAL-980,31140,1,0,VILLAGE,N.D.
XCwmAAH,MARIA-828,48920,2,0,ANY,5-10m2
XCwQAAX,JESUS-822,46007,3,1,CITY,5-10m2
XCwwAAH,GIRONA-874,8380,3,2,VILLAGE,5-10m2
XCy0AAH,JULIO-870,46380,3,2,VILLAGE,<2m2
XKCwAAP,CARDENAL-832,12004,3,0,VILLAGE,5-10m2
XKEnAAP,FORXAN-824,36960,2,2,ANY,5-10m2
XKJ9AAP,COMANDANT-990,25266,1,2,VILLAGE,<2m2
XKJaAAP,SANT-822,25500,2,2,VILLAGE,2-5m2
WtcpAAD,MAYOR-531,22250,1,2,VILLAGE,10-20m2
WtDcAAL,JUAN-440,48300,2,0,VILLAGE,5-10m2
WtdgAAD,FORN-384,12526,2,2,VILLAGE,2-5m2
WTdHAAX,ALMORADI-093,3159,2,3,VILLAGE,10-20m2
WtDlAAL,CONDE-456,28029,2,1,CITY,5-10m2
WteTAAT,LEON-530,24700,2,0,ANY,5-10m2
WThHAAX,ANDALUCÍA-101,11160,1,0,VILLAGE,10-20m2
WTiAAAX,MAYOR-055,12609,1,2,VILLAGE,N.D.
WTibAAH,MADRE-280,1008,1,2,ANY,2-5m2
WtIFAA1,PORTAL-512,1002,2,4,ANY,5-10m2
WTj1AAH,MAYOR-223,8783,3,4,VILLAGE,5-10m2
WTl2AAH,ROSARIO-151,13412,2,2,ESCAPE,N.D.
WTniAAH,VIRGEN-277,14010,2,1,ANY,5-10m2
WtUlAAL,BAUZA-510,7100,2,4,VILLAGE,2-5m2
WTzaAAH,MAYOR-242,30110,2,0,ANY,>20m2
WTZjAAP,TORREMOLINOS-096,28018,3,0,BORDER,2-5m2
WTzKAAX,IGLESIA-138,5240,2,2,COUNTRYSIDE,N.D.
WU0DAAX,LUIS-126,33010,2,2,ANY,N.D.
Wu0eAAD,PALMERAS-531,6120,2,2,VILLAGE,5-10m2
WU31AAH,JUAN-174,28400,2,4,VILLAGE,<2m2
WU4jAAH,PINTOR-269,48004,2,1,BORDER,5-10m2
WU8kAAH,MAYOR-023,50730,2,2,VILLAGE,>20m2
WU9xAAH,RIVER-230,43400,2,4,ANY,2-5m2
WUA4AAP,RAMON-171,46530,2,4,ANY,5-10m2
WUAtAAP,REIXAS-079,27300,2,0,VILLAGE,N.D.
WUd5AAH,GIRONA-062,17421,2,4,VILLAGE,>20m2
WuFRAA1,CALVARIO-410,18102,2,1,VILLAGE,10-20m2
WuGBAA1,CABO-341,11160,2,0,VACATIONAL,10-20m2
WUhwAAH,JIMIOS-142,41001,2,0,LEISURE,2-5m2
WUi2AAH,SANT-119,8001,2,3,LEISURE,5-10m2
WUJdAAP,YONAKONE-119,48650,1,2,CITY,N.D.
WUjYAAX,ALONSO-232,6800,2,4,ANY,5-10m2
WUKxAAP,LUIS-083,33405,2,0,ANY,5-10m2
WUlqAAH,ERLETOKIETA-151,31007,2,0,CITY,5-10m2
WUmpAAH,RAMON-050,36770,2,4,ESCAPE,5-10m2
WuN7AAL,SIERRA-422,28031,3,1,ANY,5-10m2
WUP1AAP,SANT-130,43201,2,4,VILLAGE,<2m2
WUPSAA5,ESTEIRO-NOGUEIROSA-015,15619,1,0,VILLAGE,N.D.
WUPUAA5,JUAN-151,39722,2,2,VILLAGE,N.D.
WUQnAAP,SIERRA-030,10800,3,4,ANY,20-30m2
WuTsAAL,CATALUNYA-560,25320,2,4,VILLAGE,2-5m2
WuU4AAL,ALCALDE-522,25006,2,0,ANY,N.D.
WuUlAAL,TERMINILLO-488,50017,2,1,ANY,5-10m2
WUUyAAP,CHICA-260,28510,2,4,VILLAGE,N.D.
WUY2AAP,CAMBADOS-075,36620,2,1,VILLAGE,10-20m2
WuZyAAL,EZEQUIEL-390,40002,2,1,CITY,5-10m2
X8Z5AAL,GUELL-720,17005,3,4,BORDER,10-20m2
X8ZXAA1,RAMON-690,39006,2,0,ANY,5-10m2
XA16AAH,REAL-346,45260,2,4,VILLAGE,10-20m2
XA1TAAX,CRTA-373,36213,1,2,VILLAGE,10-20m2
XA5AAAX,BERENGUER-550,43500,2,0,ANY,>20m2
XA5UAAX,ELIZKALE-401,20730,2,0,VILLAGE,N.D.
XA6PAAX,MAJOR-312,25700,1,0,VILLAGE,5-10m2
XA7UAAX,DELS-361,46530,3,0,VILLAGE,20-30m2
WTm9AAH,CAMARILLA-051,2600,2,0,VILLAGE,<2m2
WtmdAAD,SEVILLA-502,23710,3,0,ANY,20-30m2
WTnIAAX,GRAN-145,14009,2,1,CITY,2-5m2
WtnjAAD,ARZOBISPO-505,18015,2,4,BORDER,5-10m2
WTnjAAH,MARINA-228,14011,2,4,BORDER,5-10m2
WtnwAAD,VILLORIA-316,33986,1,0,COUNTRYSIDE,N.D.
WTtyAAH,CONSTITUCION-181,6427,2,4,COUNTRYSIDE,10-20m2
WTv9AAH,ALMIRALL-276,7014,2,0,CITY,5-10m2
WTwmAAH,NUEVA-053,36162,2,2,ANY,10-20m2
WTxPAAX,VULCANO-160,4769,3,0,VILLAGE,5-10m2
WTZVAA5,MAJOR-221,25794,1,0,VILLAGE,N.D.
WU24AAH,VIRGEN-182,30540,2,4,ESCAPE,>20m2
Wu7bAAD,NAVAS-542,39002,2,4,CITY,N.D.
WU7bAAH,MAYOR-010,19100,2,2,COUNTRYSIDE,<2m2
WuaAAAT,GANIVET-540,18550,2,1,VILLAGE,20-30m2
WUApAAP,MEDIODIA-061,50246,2,0,VILLAGE,>30m2
WUATAA5,SIMON-240,48640,2,2,ANY,N.D.
WUAvAAP,ZAMAKOA-141,48960,2,1,VILLAGE,2-5m2
WUBmAAP,ANDALUCIA-202,23360,2,4,VILLAGE,5-10m2
WUCjAAP,IGLESIA-134,40293,1,0,VILLAGE,N.D.
WUDCAA5,CASASOLA-245,47005,2,1,BORDER,N.D.
WUDwAAP,REYES-047,46292,2,0,VILLAGE,<2m2
WUDzAAP,RAMON-063,44621,1,2,ANY,N.D.
WUeBAAX,FRANCESC-246,43519,2,2,ANY,2-5m2
WUeFAAX,CAVA-205,28012,3,3,LEISURE,10-20m2
WuGqAAL,RECTORIA-312,7340,2,4,VILLAGE,2-5m2
WUHEAA5,TOLEDO-050,45164,2,0,VILLAGE,>20m2
WuHJAA1,GARCIA-330,30520,3,0,ANY,>30m2
WUhNAAX,JUAN-132,14940,2,4,VILLAGE,5-10m2
WUHOAA5,TOLEDO-070,45592,2,1,VILLAGE,10-20m2
WUl3AAH,CRUZ-240,10187,2,2,COUNTRYSIDE,N.D.
WUlsAAH,DEGA-026,8026,2,4,BORDER,5-10m2
WuM1AAL,CASAL-592,8042,2,4,BORDER,2-5m2
WUmLAAX,CUBELLES-188,8031,1,0,BORDER,5-10m2
WUmwAAH,MONTSERRAT-215,8788,2,4,ANY,10-20m2
WUMYAA5,IJENTEA-162,20003,2,4,CITY,10-20m2
WUNAAA5,LLUIS-100,8192,3,4,CITY,10-20m2
WUOFAA5,PORTUGAL-112,37724,1,2,ANY,N.D.
WUOlAAP,FELIX-260,5003,2,1,ANY,5-10m2
WUPwAAP,MARIA-145,28702,2,2,ANY,10-20m2
WUQLAA5,POSTAS-110,33530,2,0,ANY,5-10m2
WUQlAAP,LUNA-130,7100,2,0,VILLAGE,<2m2
WUSdAAP,INDEPENDENCIA-161,21002,2,2,ANY,10-20m2
WUTjAAP,RONCESVALLES-BREXO-050,15669,2,0,ANY,>20m2
WUUvAAP,COSO-210,22003,2,1,CITY,10-20m2
WUWGAA5,MATEMATICO-295,46007,2,4,LEISURE,5-10m2
WUWlAAP,GALÉS-204,46017,3,1,ANY,5-10m2
WuYsAAL,ESPEJO-343,14006,2,4,CITY,>20m2
WUYVAA5,MAYOR-031,50174,1,2,VILLAGE,N.D.
WUZLAA5,SANTA-191,9002,2,1,CITY,10-20m2
X8cgAAD,CARDENAL-614,3150,2,4,VILLAGE,N.D.
X8gwAAD,CAMINO-799,28030,2,0,ANY,5-10m2
X8hBAAT,GUADALAJARA-660,28980,3,1,BORDER,2-5m2
X8XVAA1,CRUZ-691,29200,2,4,VILLAGE,<2m2
WTnUAAX,JOSEP-240,8720,2,4,VILLAGE,2-5m2
WtsQAAT,IGLESIA-440,15883,2,0,ESCAPE,N.D.
WTYhAAP,JUAN-130,22520,2,2,ANY,>30m2
WTyJAAX,ANDALUCIA-147,4560,2,4,VILLAGE,2-5m2
Wu0wAAD,GENERAL-434,33865,1,2,ANY,N.D.
WU4FAAX,MAYOR-003,5220,2,0,COUNTRYSIDE,N.D.
WU4uAAH,ANTEQUERA-262,41640,2,0,VILLAGE,5-10m2
Wu5wAAD,PAIS-443,46680,2,3,ANY,5-10m2
WU6WAAX,BASANTA-160,27800,2,2,VILLAGE,5-10m2
WU8RAAX,TORRELAGUNA-215,41016,2,0,COUNTRYSIDE,2-5m2
WU8vAAH,VIRGEN-207,41011,3,4,CITY,2-5m2
WU9aAAH,GABRIEL-270,43205,2,2,BORDER,2-5m2
WUAfAAP,JONH-120,49140,2,0,ANY,2-5m2
WubCAAT,BRETON-307,26140,3,2,ANY,5-10m2
WUcGAAX,ANDALUCIA-190,21730,2,1,VILLAGE,5-10m2
WucpAAD,CERVANTES-533,13650,2,2,VILLAGE,10-20m2
WUdxAAH,SANT-092,25002,2,0,ANY,<2m2
WUIfAAP,CAMPAMENTO-257,46035,3,1,ANY,20-30m2
WUiZAAX,CARRIL-240,18002,3,0,LEISURE,20-30m2
WUjBAAX,ALCALDE-236,14005,2,4,CITY,5-10m2
WUjgAAH,FRANCOS-188,28039,3,4,BORDER,2-5m2
WUjKAAX,MAESTRO-120,29010,2,0,BORDER,5-10m2
WUjpAAH,SILENCIO-048,4740,3,0,VILLAGE,10-20m2
WUldAAH,MEJIA-106,28004,2,0,LEISURE,>20m2
WUnAAAX,JUANITO-093,14300,2,2,ANY,10-20m2
WUnnAAH,SALVADOR-215,50002,2,1,BORDER,<2m2
WUoYAAX,CASTILLA-096,39009,3,3,CITY,10-20m2
WUPtAAP,MIGUEL-020,39500,2,0,VILLAGE,10-20m2
Wur0AAD,EBRO-582,28823,2,2,BORDER,2-5m2
WUR0AAP,PATRON-115,10940,2,0,COUNTRYSIDE,10-20m2
WUSxAAP,ROSARIO-271,2003,2,2,CITY,2-5m2
WUXaAAP,MAYOR-062,28380,2,4,VILLAGE,2-5m2
WV1IAAX,GARCIA-114,11007,2,4,ANY,<2m2
X8giAAD,CAÑADA-680,45600,2,0,VILLAGE,5-10m2
X8XrAAL,DAMA-699,46023,3,4,ANY,2-5m2
X8XsAAL,REYES-695,34003,2,1,ANY,>30m2
X9ETAA1,MESON-631,50460,1,0,VILLAGE,N.D.
XA58AAH,NAVARRA-581,3600,2,1,VILLAGE,10-20m2
XA5XAAX,PRINCIPAL-448,46026,2,4,ANY,5-10m2
XAcMAAX,LARGA-530,5430,2,4,VACATIONAL,2-5m2
XC6OAAX,ALBUFERA-908,28038,3,4,BORDER,5-10m2
XC6qAAH,LARGA-890,26509,1,0,COUNTRYSIDE,<2m2
XC6xAAH,VILLAJIMENA-961,28032,3,0,BORDER,5-10m2
XCAxAAP,ANTONIO-880,14720,2,0,VILLAGE,5-10m2
XCC2AAP,OROPESA-998,12595,2,4,COUNTRYSIDE,<2m2
XCCQAA5,TRAVESIA-993,15140,2,0,ANY,>20m2
XCDTAA5,GUTIERREZ-831,13001,3,1,ANY,5-10m2
XCEFAA5,PICASSO-880,8980,2,0,BORDER,5-10m2
XCg9AAH,FREDERIC-840,8820,2,1,VILLAGE,>20m2
XCgnAAH,POZO-823,41130,2,4,VILLAGE,20-30m2
XCh2AAH,VENANCIO-983,33540,2,2,ANY,2-5m2
XCiIAAX,RAMON-853,32005,2,4,VILLAGE,2-5m2
XCMhAAP,PROGRESO-838,36550,1,0,ESCAPE,N.D.
WU5PAAX,ASISTENTE-023,41640,2,4,VILLAGE,5-10m2
Wu67AAD,DOCTOR-450,3759,2,4,VILLAGE,>20m2
WU6cAAH,ALMUSSAFES-054,46450,3,4,VILLAGE,20-30m2
WU9rAAH,LUIS-035,41007,3,4,CITY,2-5m2
WU9uAAH,ESTACIO-128,8592,2,4,VILLAGE,N.D.
Wua5AAD,MARAGALL-477,8031,3,0,BORDER,5-10m2
WuaPAAT,ISAAC-475,28015,2,3,CITY,<2m2
WUDDAA5,CORTS-075,46016,3,4,ANY,5-10m2
WUDfAAP,JUAN-150,41870,2,0,VILLAGE,<2m2
WudLAAT,RAMIRO-322,1008,2,1,ANY,2-5m2
WuerAAD,BAILEN-473,8009,2,1,BORDER,2-5m2
WUgdAAH,SORIA-162,43870,2,4,VILLAGE,2-5m2
WuGMAA1,FLORES-399,41015,2,0,ANY,10-20m2
WUJWAA5,RIUDOMS-098,43201,2,0,ANY,10-20m2
WUkaAAH,ALFONSO-231,50010,2,4,LEISURE,5-10m2
WUkBAAX,CAÑAMAQUE-173,29480,1,2,VILLAGE,N.D.
WUodAAH,URZAIZ-280,36204,2,0,CITY,5-10m2
WUq0AAH,MAESTRO-031,37008,3,0,ANY,10-20m2
WuUuAAL,PADRE-457,46930,3,4,ANY,5-10m2
WUWfAAP,BLAS-031,14445,2,2,VILLAGE,10-20m2
WUYAAA5,PINTORES-180,10003,3,1,ANY,2-5m2
Wv47AAD,ARENAL-494,28013,2,4,LEISURE,<2m2
X8bBAAT,MAYOR-653,8775,1,2,ESCAPE,N.D.
X8ceAAD,DOCTOR-710,19002,2,1,ANY,>20m2
X8XFAA1,CABO-782,4007,2,1,VACATIONAL,5-10m2
X8ZMAA1,ESTACION-690,37700,2,4,ANY,5-10m2
X9uqAAD,PONTENAFOSO-509,15286,1,0,ESCAPE,N.D.
X9x2AAD,TOMAS-585,29001,2,4,LEISURE,2-5m2
XA1FAAX,BALEARES-414,28937,3,4,ANY,N.D.
XA7OAAX,MARCIAL-470,28696,2,2,VACATIONAL,N.D.
XBtoAAH,POETA-970,2400,2,0,ANY,10-20m2
XCeIAAX,ORIENTE-920,36880,1,2,VILLAGE,N.D.
XCEKAA5,VERGE-914,8950,3,0,ANY,20-30m2
XCjrAAH,CORDONEROS-980,4002,2,1,ANY,2-5m2
XCJwAAP,VENTANAS-803,6930,2,0,COUNTRYSIDE,10-20m2
XCmHAAX,O´DONNELL-981,8302,3,0,VILLAGE,10-20m2
XCMqAAP,ARCHIDONA-831,29310,1,2,VILLAGE,N.D.
XCoOAAX,NELSON-911,28229,2,4,VILLAGE,10-20m2
XCPMAA5,ALFONSO-850,28980,3,1,BORDER,10-20m2
XCQrAAP,VALLADOLID-901,34004,3,1,ANY,20-30m2
XCqyAAH,RAMON-830,10500,3,0,ANY,10-20m2
XCR2AAP,MAYOR-977,31600,2,0,ANY,5-10m2
XCS4AAP,CADIZ-MALAGA-812,11140,3,3,VILLAGE,<2m2
XCSrAAP,LARGA-930,6660,2,2,COUNTRYSIDE,10-20m2
XCsSAAX,JOAN-886,25182,2,2,VILLAGE,<2m2
XCt1AAH,MONTESA-814,46017,3,4,BORDER,2-5m2
XCTBAA5,IMPERIAL-960,45720,2,0,COUNTRYSIDE,>20m2
XCUiAAP,MOJADOS-862,47196,2,2,VILLAGE,5-10m2
XCXXAA5,INTERCAMBIADOR-992,28002,3,1,BORDER,N.D.
XD7qAAH,JOSE-861,13440,2,0,VILLAGE,5-10m2
XKcMAAX,OLIVA-953,28044,2,4,BORDER,5-10m2
XKDbAAP,FERIA-985,41002,2,4,LEISURE,5-10m2
XKfpAAH,PADRE-880,31500,2,0,ANY,10-20m2
WtsiAAD,TENIENTE-440,45710,2,0,VILLAGE,10-20m2
WttfAAD,MOTA-484,47008,2,1,BORDER,10-20m2
WttTAAT,GENERAL-503,15960,1,0,VILLAGE,N.D.
WtuTAAT,GENERAL-543,39560,3,4,VACATIONAL,20-30m2
WtVFAA1,ESPARTEROS-450,45250,2,4,VILLAGE,5-10m2
WTwvAAH,MAYOR-080,1300,2,2,ANY,N.D.
WTxSAAX,LIBERTAD-010,29680,3,0,ANY,20-30m2
WTz4AAH,TENIENTE-244,30100,2,0,CITY,>30m2
WTZ9AAP,PEDRO-211,28021,2,1,BORDER,10-20m2
WTZFAA5,MARIBLANCA-195,28026,2,4,BORDER,5-10m2
WtzlAAD,MOLINOS-531,30195,2,0,COUNTRYSIDE,10-20m2
WtzOAAT,PABLO-340,9007,3,4,ANY,10-20m2
WU4UAAX,PEREGRINA-024,36003,2,4,CITY,2-5m2
WU50AAH,AGUA-150,3349,2,4,VILLAGE,10-20m2
Wu5AAAT,CORREDERA-460,30800,2,4,VILLAGE,2-5m2
Wu5eAAD,CURA-380,3599,2,4,ESCAPE,<2m2
Wu6cAAD,LIBERTAD-540,13400,2,0,COUNTRYSIDE,10-20m2
Wu6OAAT,DIEGO-563,9005,2,4,ANY,2-5m2
WU6ZAAX,ERDIKO-003,48260,2,0,ANY,10-20m2
WU8LAAX,KANSAS-027,41007,2,0,CITY,2-5m2
WU99AAH,FERNANDO-040,50280,2,0,VILLAGE,5-10m2
WuavAAD,MARQUÉS-494,29005,3,3,LEISURE,10-20m2
WubFAAT,MAGDALENA-451,12004,3,1,ANY,5-10m2
WUdEAAX,SENAC-161,50529,1,0,VILLAGE,N.D.
WUgHAAX,MAJOR-242,8017,2,4,CITY,2-5m2
WUGuAAP,ABARO-158,48920,2,4,CITY,5-10m2
WUiQAAX,BASADI-104,20750,2,4,ANY,5-10m2
WujFAAT,SOLAREJO-320,45001,3,4,ANY,2-5m2
WUk6AAH,BOTICA-106,45270,2,4,ESCAPE,N.D.
WUkuAAH,RAMON-124,41018,2,1,CITY,10-20m2
WUkxAAH,JOSE-002,3316,2,4,VILLAGE,2-5m2
WUKZAA5,GRAN-051,21410,2,4,ANY,5-10m2
WULAAA5,FLORIDA-220,28300,3,4,ANY,10-20m2
WUlSAAX,JUAN-226,46725,2,4,VILLAGE,5-10m2
WUM9AAP,ANTONIO-228,46011,2,0,ANY,N.D.
WUmDAAX,PADRE-224,28002,2,0,CITY,2-5m2
WUPbAAP,MARTIRES-263,16236,1,0,COUNTRYSIDE,N.D.
WUQjAAP,SEVILLA-042,21720,3,0,VILLAGE,<2m2
WuUKAA1,VILAFRANCA-371,8811,2,0,VILLAGE,>20m2
WUV6AAP,TUDELA-112,50550,2,2,ANY,10-20m2
WUVXAA5,MAYOR-210,47400,2,0,ANY,<2m2
WUZ7AAP,NAPOLS-210,8013,2,4,CITY,5-10m2
X8aBAAT,MAYOR-656,45621,1,2,COUNTRYSIDE,N.D.
X8avAAD,LEPANTO-650,8301,2,4,CITY,10-20m2
X8bCAAT,BURGOS-710,9250,2,2,ANY,2-5m2
X8hAAAT,CANARIAS-795,28945,3,2,ANY,5-10m2
X8YaAAL,CRUZ-660,6600,2,4,COUNTRYSIDE,5-10m2
X9OKAA1,VENTURA-796,28008,2,0,LEISURE,10-20m2
X9wzAAD,FRANCISCO-393,12540,3,1,VILLAGE,10-20m2
XA7PAAX,BEATAS-403,29008,2,0,LEISURE,10-20m2
XAbcAAH,FEDERICO-560,31380,2,4,VILLAGE,5-10m2
XAWlAAP,CAMINO-310,28030,3,1,CITY,2-5m2
XCaSAAX,ENRIQUE-905,46020,3,0,BORDER,2-5m2
WtlxAAD,JUAN-392,2434,2,2,COUNTRYSIDE,10-20m2
WtmBAAT,PEÑA-445,37187,2,1,VILLAGE,N.D.
WTo0AAH,GENERAL-080,3002,2,3,LEISURE,10-20m2
WToWAAX,MARIA-013,11520,3,4,ANY,20-30m2
WtryAAD,PASEO-421,47680,2,0,VILLAGE,2-5m2
WtuIAAT,SALA-535,43516,1,0,ESCAPE,N.D.
WtupAAD,PLAZA-403,40165,1,0,VILLAGE,N.D.
WTx3AAH,PELAYOS-271,31570,2,0,VILLAGE,10-20m2
WU1XAAX,JESUS-090,28909,3,2,ANY,N.D.
WU2MAAX,GUMERSINDO-022,28710,2,4,VILLAGE,5-10m2
WU48AAH,ESPAÑA-230,34450,2,0,ANY,N.D.
WU6mAAH,MAYOR-198,44410,1,2,ANY,N.D.
WUAUAA5,FALSET-041,43006,3,2,ANY,5-10m2
WUCNAA5,JOSE-262,28130,2,4,VILLAGE,10-20m2
WUcZAAX,BEBRICIO-080,26500,3,0,ANY,5-10m2
WudDAAT,ARAGON-461,50294,1,0,COUNTRYSIDE,N.D.
WudZAAT,REPUBLICA-322,41011,2,4,CITY,2-5m2
WUiYAAX,SAAVEDRA-122,37008,3,1,ANY,5-10m2
WUJcAAP,SUCRONENSE-202,46420,3,0,VACATIONAL,2-5m2
WuLdAAL,JOAN-551,43883,2,4,VACATIONAL,10-20m2
WUlfAAH,ARABA-018,48920,2,0,BORDER,5-10m2
WULgAAP,SANTA-007,50058,3,2,VILLAGE,5-10m2
WUM6AAP,GAVIOTAS-059,46012,2,4,VACATIONAL,2-5m2
WUn4AAH,BONILLO-053,13630,1,0,VILLAGE,2-5m2
WuNHAA1,ARCOS-525,14014,3,4,ANY,10-20m2
WUPBAA5,JOAN-201,7015,3,4,VILLAGE,10-20m2
WUQ0AAP,NICARAGUA-074,1012,2,4,BORDER,5-10m2
Wur2AAD,CANTARERIAS-420,4820,2,4,VACATIONAL,N.D.
WuUbAAL,SANTA-463,48990,2,4,CITY,5-10m2
WuwFAAT,VIRGEN-453,10900,2,0,COUNTRYSIDE,10-20m2
WUWTAA5,MAYOR-293,22270,1,4,VILLAGE,5-10m2
WuYyAAL,VENUS-324,28925,3,2,BORDER,2-5m2
WuZWAA1,AZORIN-346,37193,2,1,VILLAGE,20-30m2
X8hGAAT,REAL-630,28400,3,4,BORDER,N.D.
X8ZNAA1,HISPANIDAD-730,44580,2,2,VILLAGE,5-10m2
XCcgAAH,MIQUEL-838,7460,2,2,VILLAGE,10-20m2
XCcMAAX,LUIS-861,41840,2,4,VILLAGE,10-20m2
XCcyAAH,RUBEN-930,21005,2,4,ANY,>20m2
XCELAA5,FRANCESC-864,8760,2,4,ANY,2-5m2
XCgdAAH,RIBES-903,8013,2,4,BORDER,20-30m2
XCgSAAX,TABLADO-872,45572,2,4,COUNTRYSIDE,10-20m2
XCiyAAH,ANTONIO-924,28818,2,4,COUNTRYSIDE,N.D.
XClwAAH,MAYOR-907,43520,2,2,VILLAGE,5-10m2
XCm2AAH,GRAN-822,2430,2,4,VILLAGE,2-5m2
XCMmAAP,BARRABAITES-LAMELA-851,36579,1,2,COUNTRYSIDE,N.D.
XCNrAAP,OBISPO-830,30003,2,0,ANY,10-20m2
XCqIAAX,MARAGALL-933,8032,2,4,CITY,20-30m2
XCTiAAP,GABINO-852,33934,2,0,ANY,5-10m2
XCtxAAH,CHILE-831,33212,2,0,ANY,5-10m2
XCvPAAX,SANT-937,8003,2,4,BORDER,2-5m2
XCYVAA5,MATIAS-808,46005,2,4,CITY,2-5m2
XKFGAA5,BAILEN-946,23620,2,4,VILLAGE,5-10m2
WTqFAAX,BALMES-090,6610,1,2,COUNTRYSIDE,10-20m2
WtuKAAT,RUIZ-401,39009,2,0,ANY,N.D.
WTYzAAP,UBEDA-026,26360,2,0,VILLAGE,5-10m2
WU0FAAX,NUEVA-091,4140,2,0,VACATIONAL,2-5m2
WU0JAAX,CALVO-104,37780,1,0,ANY,N.D.
Wu7KAAT,SOLDEVILA-481,12350,1,2,COUNTRYSIDE,<2m2
WU7UAAX,PREMIO-260,33202,2,4,ANY,N.D.
WU7vAAH,CALVO-003,24230,2,2,COUNTRYSIDE,10-20m2
WuadAAD,PONTEVEDRA-511,32514,2,2,ESCAPE,N.D.
WUBfAAP,MARCOS-032,48910,2,4,CITY,N.D.
WuceAAD,VILLAMANIN-552,28011,3,0,CITY,10-20m2
WUckAAH,VALLVIDRIERA-010,8017,2,0,CITY,10-20m2
WucoAAD,CONCEPCION-531,28012,2,0,LEISURE,>20m2
WudsAAD,PERE-320,43141,2,2,ESCAPE,2-5m2
WUFGAA5,RAMBLA-030,2640,2,0,VILLAGE,10-20m2
WUhpAAH,RAMON-040,6460,2,0,COUNTRYSIDE,2-5m2
WUj2AAH,FONTILLES-282,3780,2,2,VILLAGE,5-10m2
WUjhAAH,BAENA-201,14859,2,4,VILLAGE,10-20m2
WUk0AAH,SANT-286,8830,3,0,VILLAGE,10-20m2
WUkdAAH,CONCILI-149,8020,2,0,BORDER,10-20m2
WUKeAAP,GALICIA-145,36630,2,0,VILLAGE,10-20m2
WUljAAH,ERREKA-292,48230,2,0,ANY,2-5m2
WUNEAA5,CANIDO-022,15402,2,0,ANY,10-20m2
WUP3AAP,NAGUSIA-097,20160,2,0,ANY,5-10m2
WUQVAA5,REINO-043,24710,1,1,VILLAGE,N.D.
WUSGAA5,CIRILO-075,24240,2,0,VILLAGE,10-20m2
WUSkAAP,SANTISIMA-174,6892,1,2,VILLAGE,>20m2
WUW6AAP,AMATISTA-126,30310,3,4,BORDER,10-20m2
WUXqAAP,PEREZ-031,30800,2,0,VILLAGE,2-5m2
WUY1AAP,ANCHA-290,18600,3,4,ANY,10-20m2
WUYCAA5,FERNÁNDEZ-222,15940,2,0,VILLAGE,2-5m2
WuZ4AAL,SANT-308,25185,1,2,VILLAGE,<2m2
X9wRAAT,PALLETER-414,46220,3,2,ANY,20-30m2
XA13AAH,RAMON-512,4860,3,0,ANY,5-10m2
XA1DAAX,JUAN-301,45840,2,4,VILLAGE,5-10m2
XA51AAH,AUSIAS-343,3206,2,4,ANY,5-10m2
XC75AAH,CAMP-962,25520,2,4,VILLAGE,N.D.
XC86AAH,MAYOR-930,20720,2,0,VILLAGE,2-5m2
XC88AAH,DUQUESA-802,23240,2,4,VILLAGE,>30m2
XC8tAAH,CAMINO-828,18003,3,4,ANY,10-20m2
XC9cAAH,GOLONDRINAS-931,18250,2,2,VILLAGE,10-20m2
XCA6AAP,VICALVARO-937,28022,3,4,BORDER,2-5m2
XCbHAAX,MAYOR-911,47420,2,4,VILLAGE,>20m2
XCcvAAH,ASTRONOMO-862,23002,2,2,ANY,5-10m2
XCcxAAH,CRISTOBAL-963,21002,2,1,ANY,10-20m2
XCdBAAX,SANTA-891,36002,2,1,ANY,2-5m2
XCDLAA5,CONSUELO-871,10728,1,2,ESCAPE,N.D.
XCe7AAH,PLAZA-840,28300,3,0,VILLAGE,5-10m2
XCitAAH,CORAZON-913,12600,3,1,VILLAGE,2-5m2
XCJ8AAP,PERIODISTA-972,2639,2,4,VILLAGE,5-10m2
XCjaAAH,MAQUEDA-864,28047,2,0,CITY,N.D.
XCjLAAX,TEULERA-991,17246,2,4,VILLAGE,5-10m2
XCmCAAX,MAYOR-986,46760,2,4,VILLAGE,5-10m2
WtVAAA1,MENENDEZ-424,46910,2,4,ANY,10-20m2
WTZgAAP,MEDIASES-174,3570,2,0,COUNTRYSIDE,20-30m2
WTzqAAH,JUAN-247,37439,2,4,ANY,>30m2
WTzyAAH,ALAMOS-251,28792,2,2,VACATIONAL,2-5m2
WU28AAH,REAL-263,30360,3,0,ANY,20-30m2
WU3RAAX,ARRABAL-110,5200,2,4,ANY,5-10m2
WU4KAAX,VIRGEN-292,29568,2,2,ANY,5-10m2
WU6BAAX,MAYOR-133,48930,3,1,CITY,5-10m2
WucfAAD,RAFAEL-460,3002,3,3,CITY,5-10m2
WucuAAD,ORTEGA-490,3600,2,1,ANY,5-10m2
WuHEAA1,SANTIAGO-491,48003,2,2,CITY,20-30m2
WuHiAAL,PORTUGAL-370,6400,3,0,ANY,>20m2
WUhrAAH,AÑASTRO-043,28033,2,1,CITY,2-5m2
WUhzAAH,RAMON-170,27700,2,0,ANY,5-10m2
WUJjAAP,EMPEDRADA-131,41400,2,0,ANY,5-10m2
WUL0AAP,MAYOR-083,46169,2,4,VACATIONAL,N.D.
WUmcAAH,PALMAR-013,41130,2,0,VILLAGE,5-10m2
WuNcAAL,REYES-390,48012,2,0,BORDER,2-5m2
WUODAA5,ERAS-130,1340,2,4,ANY,10-20m2
WUOPAA5,DONANTES-180,1440,1,2,ANY,N.D.
WUpTAAX,PABLO-272,50008,2,4,ANY,2-5m2
WUQwAAP,MAYOR-110,47162,2,2,VILLAGE,5-10m2
WURPAA5,MAYOR-138,8791,2,4,ESCAPE,<2m2
WuUcAAL,PERE-488,43830,3,4,VACATIONAL,10-20m2
WUVeAAP,FORU-166,48460,2,2,ANY,2-5m2
WUXYAA5,KASUNE-164,48990,2,0,BORDER,10-20m2
WuYNAA1,FEDERICO-454,1003,2,0,ANY,2-5m2
WUZbAAP,DOCTOR-263,8915,3,1,BORDER,10-20m2
X9NlAAL,LOPEZ-618,28002,3,1,CITY,20-30m2
X9yaAAD,CASTILLA-476,39009,2,0,BORDER,N.D.
XA6rAAH,RIBADAVIA-426,28029,2,4,CITY,2-5m2
XAdGAAX,JAUME-308,7001,2,3,BORDER,N.D.
XC7CAAX,HACIENDA-862,28030,2,4,BORDER,N.D.
XC8iAAH,ALICANTE/ESQUINA-804,3150,3,0,VILLAGE,10-20m2
XC8UAAX,PUENTE-846,24270,2,0,COUNTRYSIDE,5-10m2
XC9eAAH,MAESTRO-953,3640,2,0,ANY,>20m2
XCBAAA5,PERLA-820,11150,2,1,ANY,>30m2
XCBKAA5,ESTACION-950,14500,2,0,ANY,2-5m2
XCekAAH,JUAN-871,28224,3,4,CITY,10-20m2
XCfIAAX,ALTA-909,18151,3,0,VILLAGE,10-20m2
XCOsAAP,GUADALAJARA-950,30500,3,1,ANY,5-10m2
XCOZAA5,MAYOR-945,30149,2,4,VILLAGE,2-5m2
XCqjAAH,MAYOR-993,30351,2,4,ANY,10-20m2
XCRcAAP,JOSE-960,6132,2,0,COUNTRYSIDE,5-10m2
XCT3AAP,BALTEIRO-865,36140,2,2,ESCAPE,5-10m2
XCVEAA5,RAMON-962,23391,1,0,COUNTRYSIDE,N.D.
XCwBAAX,CASANOVA-960,8011,2,4,CITY,10-20m2
XCwHAAX,GRANXAS-821,27861,2,2,COUNTRYSIDE,N.D.
XCWTAA5,NUEVA-922,2246,1,4,COUNTRYSIDE,N.D.
XCxjAAH,JOSE-972,20001,1,0,CITY,5-10m2
XCyJAAX,SANTO-931,3801,1,4,ANY,10-20m2
XKJeAAP,MAYOR-864,3779,2,0,VACATIONAL,>20m2
WucgAAD,PORTALES-380,23440,2,4,ANY,10-20m2
Wud4AAD,ALTA-516,47239,2,4,VILLAGE,N.D.
WuElAAL,CABEZA-510,18800,3,2,ANY,20-30m2
WuemAAD,TOLEDANO-454,19209,2,4,VILLAGE,5-10m2
WUgFAAX,TEROL-295,8012,1,0,LEISURE,N.D.
WUhOAAX,FUENTE-168,28009,2,4,CITY,10-20m2
WUjAAAX,GUIXERES-040,8912,3,4,ANY,>30m2
WUkAAAX,MAYOR-192,30430,1,0,COUNTRYSIDE,2-5m2
WUlzAAH,MAYOR-202,12150,2,4,COUNTRYSIDE,<2m2
WUM3AAP,GENERAL-003,39680,1,0,ANY,N.D.
WUnsAAH,BAÑERES-261,3802,2,4,ANY,>20m2
WUpHAAX,LINARES-201,15005,3,4,CITY,20-30m2
WuUSAA1,TOMAS-591,21001,2,1,CITY,2-5m2
WUXEAA5,IGLESIA-132,29470,2,4,VILLAGE,N.D.
WVFIAA5,ROSALIA-137,15706,2,2,LEISURE,5-10m2
X8c1AAD,SOLAINA-640,15570,2,0,ESCAPE,N.D.
X8cMAAT,TRES-603,17190,2,1,BORDER,5-10m2
X9x3AAD,ESTAMBRERA-331,26006,3,1,ANY,10-20m2
X9ygAAD,ANTONIO-307,28026,2,0,BORDER,5-10m2
X9zVAAT,ARIBAU-596,8036,2,0,LEISURE,10-20m2
XA2qAAH,MAJOR-455,8476,2,2,ANY,5-10m2
XA7RAAX,JUAN-569,29006,2,1,ANY,10-20m2
XAbdAAH,MAYOR-402,31390,2,4,VILLAGE,5-10m2
XCacAAH,MAYOR-973,7141,2,0,VILLAGE,N.D.
XCf7AAH,HELIODORO-911,39750,2,2,ANY,10-20m2
XCfVAAX,GOYA-867,8295,2,0,VILLAGE,5-10m2
XCh6AAH,ZAMORA-952,32005,3,1,ANY,>30m2
XCifAAH,SANT-909,8906,2,4,ANY,5-10m2
XCJaAAP,SINFORIANO-830,6011,2,0,ANY,2-5m2
XCkZAAX,SANTISIMO-962,47490,2,2,VILLAGE,N.D.
XCL4AAP,RAMON-848,6100,2,4,ANY,2-5m2
XCmvAAH,TRAÑAETXOSTE-821,48220,2,0,ANY,<2m2
XCO0AAP,ALMERIA-810,4100,2,4,ANY,10-20m2
XCOFAA5,LORCA-939,30835,3,4,VILLAGE,5-10m2
XCOWAA5,BEATO-963,28590,3,0,ANY,5-10m2
XCPmAAP,POLAVIEJA-933,30364,2,0,COUNTRYSIDE,N.D.
XCrPAAX,CAMI-829,25230,2,0,VILLAGE,N.D.
XCSEAA5,IGLESIA-912,12448,2,4,COUNTRYSIDE,<2m2
XCSvAAP,JUAN-953,48330,2,4,ANY,N.D.
XCuOAAX,ORENSE-905,28020,3,1,CITY,2-5m2
XCVLAA5,MAYOR-922,46250,2,4,VILLAGE,<2m2
XCWIAA5,FLORIDABLANCA-991,30310,2,3,ANY,5-10m2
XCxDAAX,XUQUER-962,46021,2,4,CITY,2-5m2
XCXZAA5,RECTORIA-812,7350,2,1,VILLAGE,N.D.
XCYpAAP,ALTA-883,44432,1,2,ANY,2-5m2
XKFlAAP,ALTS-867,8004,3,1,BORDER,10-20m2
Wtt3AAD,GENERALITAT-501,43500,2,0,VILLAGE,10-20m2
WtyUAAT,ROGER-539,8025,2,4,CITY,2-5m2
WTzsAAH,REAL-021,28530,2,4,VILLAGE,N.D.
WU1OAAX,CADIZ-260,39002,2,4,CITY,N.D.
Wu1QAAT,MENTIROTE-423,49135,1,0,ANY,N.D.
WU1sAAH,ESPERANZA-160,5418,1,0,COUNTRYSIDE,2-5m2
WU2aAAH,INTERIOR-170,30868,2,4,VACATIONAL,N.D.
Wu58AAD,EMILIO-387,29014,2,4,ANY,<2m2
Wu5BAAT,ROSER-420,46970,3,4,VILLAGE,5-10m2
Wu6DAAT,ARGENTINA-433,3640,2,4,VILLAGE,5-10m2
Wu6gAAD,PARAL-LEL-598,8004,2,1,BORDER,2-5m2
Wu6lAAD,RICARDO-301,20304,2,4,ANY,10-20m2
WU6lAAH,ESPAÑA-112,45520,2,2,VILLAGE,10-20m2
WU7cAAH,ALEMAN-010,6160,2,0,ANY,10-20m2
WU7FAAX,FÉLIX-089,46025,3,1,BORDER,5-10m2
WU8QAAX,DOCTOR-191,41004,2,4,CITY,2-5m2
WU9lAAH,PABLO-148,50003,3,0,ANY,10-20m2
WUAEAA5,RODEO-081,37260,1,0,ANY,N.D.
WuaKAAT,ESPARTERO-363,50001,2,4,CITY,5-10m2
WUAwAAP,AMESTI-042,48990,2,0,CITY,5-10m2
Wub2AAD,ARGUALAS-411,50012,2,0,VILLAGE,2-5m2
WubNAAT,GRANADA-353,29015,3,3,LEISURE,20-30m2
WUc8AAH,TARAZA-MEIRAS-139,15550,2,0,ESCAPE,5-10m2
WUcrAAH,BALMES-208,8006,2,4,CITY,2-5m2
WUcWAAX,ARRANDI-226,48902,2,1,BORDER,>20m2
WuekAAD,ALVARO-432,24002,2,0,ANY,10-20m2
WUgCAAX,ZELAI-287,20130,2,1,ANY,10-20m2
WUGFAA5,ARRAUN-067,48620,2,0,ANY,2-5m2
WUgOAAX,GERMANS-014,43580,2,4,VILLAGE,N.D.
WUGqAAP,MARQUES-252,33138,2,2,COUNTRYSIDE,5-10m2
WUIWAA5,JUAN-150,46715,2,0,VILLAGE,N.D.
WUKgAAP,ANTONIO-110,36880,2,1,VILLAGE,10-20m2
WUkrAAH,PALAMOS-175,17462,2,4,VILLAGE,N.D.
WUL3AAP,FRANCISCO-221,50008,2,1,ANY,2-5m2
WUMBAA5,MARIANO-294,33212,2,0,ANY,10-20m2
WuMeAAL,GRAN-422,26002,3,4,ANY,2-5m2
WUniAAH,BARRANQUET-211,3559,2,0,COUNTRYSIDE,N.D.
WUobAAH,XINTO-121,50670,2,2,COUNTRYSIDE,5-10m2
WUQNAA5,JUAN-049,28006,3,4,BORDER,5-10m2
Wus6AAD,CASTILLEJOS-469,8025,2,0,BORDER,2-5m2
WUSsAAP,LEPANTO-138,21670,2,4,ANY,10-20m2
WuUdAAL,ANTONIO-580,3160,2,4,VILLAGE,>30m2
WUUxAAP,SALAS-261,37785,1,0,ANY,N.D.
WUVPAA5,CORREDERA-012,14002,2,0,ANY,<2m2
WUyKAAX,CAMON-060,50461,2,2,VILLAGE,N.D.
WUzMAAX,ARROYADA-141,45100,3,0,VILLAGE,5-10m2
X8a9AAD,VIRGEN-632,8222,2,4,ANY,10-20m2
X8geAAD,ALJARAFE-795,41005,2,1,CITY,2-5m2
X9FyAAL,LARTZABAL-723,20180,2,2,ANY,20-30m2
X9xCAAT,MANUEL-340,33909,2,2,ANY,N.D.
X9xTAAT,EXTREMADURA-414,6490,2,0,VILLAGE,2-5m2
XA4hAAH,JOSE-350,3330,2,1,ESCAPE,5-10m2
XA70AAH,GOIKOKALEA-523,48360,2,0,ANY,2-5m2
WTzvAAH,MAYOR-153,28590,2,4,VILLAGE,<2m2
Wu1BAAT,RABASSA-422,8024,2,4,CITY,5-10m2
Wu55AAD,MARICADILLA-520,34800,2,4,ANY,2-5m2
Wu5RAAT,ALCALDE-381,25005,2,2,VILLAGE,10-20m2
Wu6RAAT,LUIS-526,8830,3,0,ANY,5-10m2
Wu7AAAT,SANTS-337,8028,3,4,BORDER,5-10m2
WUA5AAP,VICENTE-030,49300,2,4,ANY,<2m2
WuaGAAT,MAESTRO-497,48920,3,0,BORDER,2-5m2
WudxAAD,CREU-486,43747,1,4,VILLAGE,N.D.
WUhqAAH,GUADALAJARA-150,40004,2,2,ANY,5-10m2
WUjnAAH,GRAN-034,8030,2,0,BORDER,N.D.
WUk5AAH,ALCALDE-051,24005,2,1,ANY,10-20m2
WUkIAAX,BERLIN-172,8029,2,0,CITY,5-10m2
WUL1AAP,VILLALMANZO-278,28032,2,0,BORDER,10-20m2
WULaAAP,JUAN-082,41710,2,0,VILLAGE,5-10m2
WULmAAP,PEDRO-129,46019,3,4,BORDER,10-20m2
WULnAAP,COVADONGA-118,28911,2,1,BORDER,N.D.
WuMjAAL,CENTRO-311,8820,3,0,ANY,5-10m2
WUmqAAH,GABOLATZ-135,20590,2,2,ANY,5-10m2
WuSqAAL,MURO-303,46003,3,4,CITY,10-20m2
WuUEAA1,ECIJA-591,14112,1,0,VILLAGE,2-5m2
WUUhAAP,ANDRES-066,50010,2,1,BORDER,5-10m2
WuZRAA1,HIDALGO-520,41380,2,0,COUNTRYSIDE,>20m2
WuZSAA1,ZARAGOZA-580,50793,2,0,VILLAGE,2-5m2
X8ZOAA1,GUTIÉRREZ-656,23140,2,0,COUNTRYSIDE,5-10m2
X9UoAAL,BARTOMEU-763,7006,2,1,VILLAGE,10-20m2
XA0hAAH,GOYA-320,50200,2,0,ANY,>30m2
XA0jAAH,DOCTOR-420,33600,2,1,ANY,10-20m2
XAcKAAX,GENERALISIMO-310,5001,2,4,ANY,5-10m2
XAZDAA5,SANCHEZ-301,28821,3,4,BORDER,5-10m2
XC9wAAH,SANTA-904,24235,2,0,COUNTRYSIDE,2-5m2
XCa7AAH,CONSTITUCION-812,45530,3,4,COUNTRYSIDE,10-20m2
XCBjAAP,ASSUMPCIO-951,17005,3,0,CITY,5-10m2
XCbnAAH,GABRIEL-914,7638,3,2,VACATIONAL,10-20m2
XCdgAAH,SANTIAGO-892,41710,2,0,ANY,2-5m2
XCEiAAP,BENJUMEDA-833,11003,2,2,ANY,N.D.
XCENAA5,PRIMERO-880,10251,1,0,COUNTRYSIDE,>20m2
XCeRAAX,CIUTADANS-817,8490,2,2,ANY,5-10m2
XCeyAAH,CHILE-810,26005,2,0,CITY,10-20m2
XCMlAAP,ORDOÑEZ-852,36750,1,0,ANY,2-5m2
XCOHAA5,ALCANTARILLA-812,30166,2,4,ANY,5-10m2
XCOoAAP,SECTOR-822,28760,3,4,CITY,2-5m2
XCPIAA5,CASTILLA-936,28941,3,2,BORDER,10-20m2
XCPlAAP,MURCIA-842,30360,2,0,ANY,5-10m2
XCpzAAH,SILOS-890,41500,3,4,VILLAGE,10-20m2
XCrRAAX,CADIZ-814,14009,3,1,ANY,2-5m2
XCT8AAP,RAMON-949,46007,3,4,CITY,<2m2
XCv0AAH,OBISPO-805,31011,2,4,CITY,20-30m2
XCvZAAX,ARAGON-840,44600,2,2,ANY,2-5m2
XKBTAA5,JUAN-990,45533,1,1,ESCAPE,N.D.
XKClAAP,BARCELONA-910,46135,2,4,VILLAGE,5-10m2
XKJFAA5,PALOMEQUE-831,45212,2,4,VILLAGE,>20m2
XCvkAAH,CIPRES-922,8940,2,1,BORDER,>20m2
XCwPAAX,CONDE-870,26280,2,4,COUNTRYSIDE,5-10m2
XCwYAAX,DELS-850,17100,2,4,VILLAGE,5-10m2
XCxyAAH,CENTRE-982,17174,1,0,CITY,N.D.
XD7GAAX,RUIZ-993,39696,2,4,VILLAGE,5-10m2
X9QDAA1,GRAN-764,28220,2,4,BORDER,5-10m2
X9wJAAT,BELARMINO-522,33939,2,4,ANY,>20m2
XA15AAH,ONTIVEROS-410,34191,1,0,ANY,N.D.
XA5RAAX,CRISTO-563,18680,2,0,ANY,10-20m2
XAdRAAX,GIGANTES-441,44652,1,2,ANY,N.D.
XC9NAAX,ORIOLET-945,3300,2,0,ANY,2-5m2
XCA9AAP,ISLAS-950,28034,2,1,BORDER,2-5m2
XCAZAA5,CARRETERA-845,25161,2,2,VILLAGE,N.D.
XCCtAAP,MAESTRO-875,8254,2,2,VILLAGE,>20m2
XCECAA5,CASTELAO-823,15230,2,0,COUNTRYSIDE,2-5m2
XCewAAH,ROSARIO-883,30730,2,2,VILLAGE,>20m2
XCgmAAH,ALEMANIA-911,41012,2,4,ANY,10-20m2
XCH1AAP,PINTOR-818,8905,2,4,BORDER,<2m2
XCjCAAX,CADIZ-960,9007,3,0,ANY,>30m2
XCkvAAH,AKURIO-853,48370,3,0,VILLAGE,5-10m2
XCmsAAH,SANTA-870,49015,2,2,CITY,2-5m2
XCPHAA5,NICOLAS-914,39009,2,1,ANY,10-20m2
XCRIAA5,AYUNTAMIENTO-953,5216,1,2,COUNTRYSIDE,N.D.
XCsKAAX,SANTA-966,28012,2,4,LEISURE,10-20m2
XCTOAA5,CARRERA-899,46026,3,4,ANY,5-10m2
XCxBAAX,PARROCO-820,33700,2,1,ANY,5-10m2
XDHmAAP,MORALEJO-802,14920,3,0,VILLAGE,5-10m2
XKJdAAP,BARRENCALLE-960,48300,2,0,VILLAGE,10-20m2
XCjGAAX,MONTROIG-930,43850,2,1,VACATIONAL,>20m2
XCkcAAH,CONSTITUCION-940,13193,1,0,ESCAPE,N.D.
XCKmAAP,CALVO-991,6427,2,4,COUNTRYSIDE,>20m2
XCNwAAP,MAYOR-814,30100,2,4,CITY,20-30m2
XCPvAAP,ISAAC-961,39706,2,2,VACATIONAL,>30m2
XCQIAA5,CAPUCHINOS-841,29014,2,1,ANY,2-5m2
XCQlAAP,MONAST-904,31011,3,1,BORDER,2-5m2
XCr5AAH,DIECISEIS-961,7009,3,1,VILLAGE,>30m2
XCTqAAP,REAL-970,45880,2,0,VILLAGE,<2m2
XCV1AAP,VIRGEN-850,13390,1,0,ESCAPE,N.D.
XCvmAAH,JUAN-874,29009,2,0,ANY,<2m2
XCw3AAH,CONSTITUCION-811,5260,2,4,COUNTRYSIDE,2-5m2
XCwIAAX,DOCTOR-904,28007,3,1,CITY,5-10m2
XCXDAA5,FRAY-960,7300,2,4,BORDER,5-10m2
XCxWAAX,MAGISTRAT-812,46701,2,4,VILLAGE,N.D.
XCYtAAP,GRAL-835,7150,1,0,VILLAGE,5-10m2
XD9NAAX,DOCTOR-963,3760,3,4,ANY,>30m2
XKgFAAX,CARGOLL-809,43746,2,0,VILLAGE,N.D.
XKXvAAP,ESGLESIA-883,8859,2,4,VILLAGE,10-20m2
XCi5AAH,CHARCAS-930,45240,2,4,VILLAGE,10-20m2
XCjiAAH,JUAN-970,5416,2,2,COUNTRYSIDE,N.D.
XCKcAAP,JOSE-814,6010,2,2,CITY,2-5m2
XCkDAAX,SUIZA-964,8211,2,4,ANY,10-20m2
XCkyAAH,CONSTITUCION-851,50695,2,0,COUNTRYSIDE,10-20m2
XCPBAA5,COVADONGA-850,33550,2,4,ANY,N.D.
XCPgAAP,CONSTITUCION-851,28931,3,4,ANY,<2m2
XCsIAAX,PASSETEMPS-847,7120,2,4,VILLAGE,2-5m2
XCtwAAH,PRINCIPAL-853,28292,2,4,ANY,N.D.
XCU0AAP,BADAJOZ-902,6150,3,2,VILLAGE,5-10m2
XCvlAAH,MADRAZO-832,8021,2,4,CITY,2-5m2
XKBbAAP,ISABEL-960,40001,2,1,CITY,5-10m2
XKBpAAP,RONDA-970,47510,1,0,VILLAGE,N.D.
XKELAA5,ECHEGARAY-963,3690,3,4,ANY,5-10m2
XKgCAAX,FEDERICO-943,34200,2,2,ANY,>30m2
XKGDAA5,FEDERICO-841,3001,3,3,CITY,20-30m2
XKGSAA5,TOMAS-985,11400,3,1,ANY,>30m2
XKZZAA5,CIUDAD-804,13500,3,4,ANY,10-20m2
XCwbAAH,GRAN-881,28043,3,4,BORDER,5-10m2
XCwzAAH,ARRABAL-920,21840,2,4,VILLAGE,2-5m2
XCx8AAH,ARCO-920,5200,2,1,ANY,<2m2
XKBoAAP,MAYOR-816,12590,2,4,VILLAGE,<2m2
XKbPAAX,RONDA-915,28012,2,4,LEISURE,5-10m2
XKCJAA5,MAYOR-831,47001,2,4,CITY,5-10m2
XKIqAAP,ANDALUCIA-851,21891,2,4,VILLAGE,5-10m2
XKJbAAP,CONSTITUCION-921,10570,1,0,COUNTRYSIDE,20-30m2
XCuyAAH,MOLINO-931,2660,3,3,VILLAGE,5-10m2
XCvLAAX,JESUS-993,41002,2,0,LEISURE,2-5m2
XCWPAA5,ALAMOS-920,23003,3,0,ANY,5-10m2
XCZlAAP,JUAN-928,41003,2,0,LEISURE,2-5m2
XKCXAA5,SERAPIO-964,20016,2,4,ANY,5-10m2
XKDlAAP,GAUDI-986,8025,2,4,BORDER,2-5m2
XKecAAH,MAYOR-903,30836,2,4,ANY,2-5m2
XKYUAA5,GOYA-920,50400,2,0,ANY,5-10m2
XCTdAAP,CALVO-981,13109,2,2,ESCAPE,10-20m2
XCUBAA5,BENITO-982,36001,2,0,ANY,2-5m2
XCUQAA5,MAYOR-941,40430,1,0,VILLAGE,N.D.
XCVKAA5,VIDAL-815,46740,2,0,VILLAGE,2-5m2
XCxeAAH,ENRIQUE-921,6001,3,4,CITY,5-10m2
XKBVAA5,MAYOR-820,30110,2,4,ANY,2-5m2
XKJ8AAP,MAYOR-801,25123,2,0,VILLAGE,5-10m2
XCmYAAX,SANGUIÑEDA-980,36418,1,2,VILLAGE,5-10m2
XCq6AAH,FUENTE-923,43786,2,0,VILLAGE,N.D.
XCR3AAP,MAYOR-900,31754,1,0,VILLAGE,N.D.
XCSGAA5,FEBRERO-920,27740,2,2,VILLAGE,N.D.
XCUwAAP,VOLUNTARIOS-960,28260,3,1,VILLAGE,10-20m2
XCV2AAP,ANDALUCIA-989,21620,2,2,VILLAGE,<2m2
XCVhAAP,MAJOR-818,8233,2,4,COUNTRYSIDE,5-10m2
XCyMAAX,MAYOR-880,26330,1,2,COUNTRYSIDE,N.D.
XCxgAAH,NAVARRO-931,14200,2,4,ANY,>20m2
XD84AAH,REAL-939,6140,2,2,VILLAGE,2-5m2
XDGRAA5,TARRAGONA-940,43480,3,2,ANY,5-10m2
XKDkAAP,CATOLICS-888,7007,2,1,VILLAGE,5-10m2
XKebAAH,JERONIMOS-911,30107,2,1,ANY,5-10m2
XKIaAAP,CALVO-810,32840,1,4,COUNTRYSIDE,N.D.
XC6kAAH,PRIMER-842,25260,2,2,VILLAGE,N.D.
XC6ZAAX,MAYOR-836,26360,2,0,VILLAGE,5-10m2
XC7HAAX,VALENTIN-879,3170,2,4,VILLAGE,5-10m2
XCBXAA5,ARCO-951,9004,2,0,LEISURE,2-5m2
XCdiAAH,PRINCIPE-984,28670,3,1,ANY,10-20m2
XChiAAH,PEDRO-870,21340,1,2,COUNTRYSIDE,N.D.
XCjKAAX,CAMARREAL-856,39011,2,0,ANY,N.D.
XCkeAAH,SANTO-940,6370,2,4,VILLAGE,5-10m2
XClIAAX,CLAVELES-823,10252,1,2,COUNTRYSIDE,10-20m2
XCNbAAP,VIVAR-990,29700,2,1,ANY,N.D.
XCOzAAP,ROSARIO-982,2003,2,0,CITY,2-5m2
XCPaAAP,MANUEL-815,39012,2,1,CITY,2-5m2
XCpCAAX,MISERICORDIA-914,28500,3,0,BORDER,10-20m2
XCPQAA5,ALFONSO-936,30310,2,3,ANY,5-10m2
XCpwAAH,EUGENIO-965,29009,2,1,BORDER,>20m2
XCqAAAX,PORVERA-951,11403,2,2,CITY,>20m2
XCT7AAP,ERAS-922,45215,2,2,ESCAPE,10-20m2
XCtbAAH,MASSEGUE-931,8201,2,4,CITY,10-20m2
XCw4AAH,SANTS-994,8028,3,4,BORDER,10-20m2
XCW5AAP,GOBERNADOR-840,46003,2,0,CITY,5-10m2
XCwLAAX,FONERIA-859,8038,3,1,BORDER,10-20m2
XCx0AAH,VERGARA-881,20005,2,2,VILLAGE,N.D.
XCZmAAP,JUAN-896,45600,2,4,VILLAGE,10-20m2
XKFEAA5,CASIMIRO-880,39003,2,1,BORDER,2-5m2
X9DuAAL,JOSE-751,8800,2,0,ANY,10-20m2
XA1qAAH,CALVO-334,39710,2,1,VILLAGE,<2m2
XC8oAAH,TOLDANOS-941,24226,2,2,VILLAGE,10-20m2
XCAnAAP,VILLARICOS-972,4007,3,1,VACATIONAL,10-20m2
XCcJAAX,OTERO-879,40423,1,0,VILLAGE,N.D.
XCD3AAP,IGLESIA-953,12431,1,2,COUNTRYSIDE,5-10m2
XCeDAAX,MAYOR-995,8551,2,4,VILLAGE,5-10m2
XCfzAAH,REAL-971,11178,2,2,VILLAGE,5-10m2
XCgAAAX,FERRAZ-826,28008,2,0,CITY,<2m2
XCGlAAP,PALOMAR-912,14670,2,0,VILLAGE,N.D.
XCH7AAP,TRINIDAD-941,14830,2,0,VILLAGE,10-20m2
XChAAAX,JOSE-922,33205,2,1,CITY,10-20m2
XCiqAAH,JUAN-878,28916,3,4,VILLAGE,5-10m2
XCPwAAP,JOSE-820,39840,2,0,VILLAGE,2-5m2
XCQ2AAP,LORCA-AGUILAS-924,30813,2,2,ESCAPE,N.D.
XCQjAAP,JUAN-817,29017,2,0,CITY,<2m2
XCQMAA5,MERCADERES-870,31001,2,4,BORDER,10-20m2
XCTUAA5,SANTA-901,41410,2,4,ANY,5-10m2
XCuvAAH,NUEVO-811,11408,3,1,VILLAGE,20-30m2
XCXAAA5,TREN-820,7300,2,1,ANY,>20m2
XA3SAAX,MONFORTE-411,3012,2,4,BORDER,5-10m2
XA4JAAX,REAL-534,13140,2,4,ESCAPE,N.D.
XBu6AAH,BERGA-811,8619,1,0,COUNTRYSIDE,N.D.
XC80AAH,GENERAL-941,28001,3,1,CITY,5-10m2
XCA5AAP,JOSE-945,28017,2,0,BORDER,2-5m2
XCAjAAP,BRIGADIER-805,3610,3,0,ANY,10-20m2
XCArAAP,AVENIDA-973,28038,3,4,BORDER,20-30m2
XCAYAA5,ALFONSO-970,22002,3,1,ANY,>30m2
XCCkAAP,SEGURA-921,12300,1,4,COUNTRYSIDE,<2m2
XCcnAAH,VICENTE-857,28043,2,4,CITY,2-5m2
XCE4AAP,CORRAL-873,10693,2,0,ESCAPE,2-5m2
XCejAAH,MARCELINO-922,39003,2,4,CITY,5-10m2
XCeVAAX,BURJASOT-816,46009,3,4,BORDER,2-5m2
XCF0AAP,BRETON-913,8224,1,0,ANY,2-5m2
XChYAAX,FERIA-845,41003,2,0,LEISURE,2-5m2
XCkgAAH,SALOBREÑA-811,18600,3,4,VILLAGE,20-30m2
XCkGAAX,MAYOR-878,31610,2,0,BORDER,10-20m2
XClSAAX,SANTULLANO-REGUERAS-905,33190,1,0,ANY,N.D.
XCmVAAX,ESCULTOR-994,14410,2,0,VILLAGE,>20m2
XCNcAAP,ENMEDIO-891,29740,2,3,VACATIONAL,N.D.
XCnHAAX,TORMES-873,37893,2,2,ANY,20-30m2
XCpVAAX,NARVAEZ-984,33403,2,4,ANY,N.D.
XCq2AAH,FERNANDO-944,33009,2,2,CITY,2-5m2
XCSuAAP,OVIEDO-981,50007,2,4,ANY,5-10m2
XCuoAAH,SOTILLO-986,40196,2,1,VILLAGE,5-10m2
XCuUAAX,ARAGON-915,43780,2,2,VILLAGE,5-10m2
XCvMAAX,ANGEL-920,13400,2,4,COUNTRYSIDE,10-20m2
XCZpAAP,FUNICULAR-919,48510,2,0,ANY,2-5m2
XKfnAAH,BENJAMIN-821,31008,2,0,VILLAGE,20-30m2
XKgBAAX,JOAN-904,7006,2,0,BORDER,10-20m2
XKJAAA5,EVARISTO-893,3578,2,4,ESCAPE,10-20m2
XCPiAAP,LARGA-850,28650,2,2,COUNTRYSIDE,2-5m2
XCSAAA5,MAYOR-957,43770,2,1,VILLAGE,2-5m2
XCTbAAP,VILLA-930,18511,2,2,VILLAGE,N.D.
XCtoAAH,PABLO-975,43881,3,2,VACATIONAL,10-20m2
XD7CAAX,REAL-923,29532,3,3,VILLAGE,10-20m2
XCWMAA5,PAIS-833,46500,3,1,VACATIONAL,5-10m2
XCxMAAX,CRONISTA-855,46003,2,1,CITY,10-20m2
XCZoAAP,ALFALFA-910,41004,2,0,LEISURE,2-5m2
XKAiAAP,ADARZO-906,39011,2,1,ANY,2-5m2
XKBhAAP,DANTE-881,8032,2,0,BORDER,>20m2
XKFnAAP,EXTREMADURA-889,6130,2,0,VILLAGE,10-20m2
XKJIAA5,BARTOLOME-957,41890,2,2,COUNTRYSIDE,10-20m2
XCbaAAH,LEHENDAKARI-810,48970,3,0,ANY,5-10m2
XCCIAA5,BEATO-892,1009,3,4,ANY,5-10m2
XCFlAAP,MEDIODIA-840,13750,2,0,ESCAPE,N.D.
XCGcAAP,GENERAL-891,8912,2,0,ANY,2-5m2
XChTAAX,DENIA-824,46006,2,4,CITY,20-30m2
XCkiAAH,LINARES-882,23200,2,4,VILLAGE,10-20m2
XClvAAH,CAMINO-973,37003,3,4,ANY,20-30m2
XCOSAA5,ESPAÑA-841,37004,2,4,LEISURE,10-20m2
XCQiAAP,CARLOS-866,29010,2,1,BORDER,N.D.
XCrEAAX,FELIPE-830,28100,3,1,BORDER,>30m2
XCRUAA5,MAYOR-901,31260,2,2,VILLAGE,N.D.
XCTkAAP,REAL-811,11659,2,4,ANY,20-30m2
XCUfAAP,HISPANIDAD-932,46520,2,4,ANY,2-5m2
XCuLAAX,REAL-801,23487,2,4,VILLAGE,5-10m2
XCvSAAX,FUTUR-940,46148,2,2,COUNTRYSIDE,5-10m2
XKBUAA5,MAYOR-932,2340,1,0,COUNTRYSIDE,N.D.
XKXuAAP,JOSEP-801,8800,2,0,LEISURE,10-20m2
XByyAAH,FELIP-941,8027,2,0,BORDER,5-10m2
XC90AAH,RIBADUMIA-808,28022,2,0,BORDER,2-5m2
XC9OAAX,CONVENTO-856,21450,3,0,ANY,2-5m2
XCAoAAP,ORENSE-940,28020,2,4,CITY,2-5m2
XCaOAAX,MAYOR-816,7530,2,0,VILLAGE,N.D.
XCDEAA5,RAMON-932,8303,2,4,ANY,2-5m2
XCEgAAP,FRANCESC-807,8830,3,0,ANY,5-10m2
XCfDAAX,FOSSAR-828,7510,2,4,VILLAGE,N.D.
XCFkAAP,EMILIO-982,13240,2,4,ANY,5-10m2
XCgpAAH,MOGOR-831,15337,2,0,ANY,N.D.
XCgVAAX,RAMON-920,22800,2,2,VILLAGE,20-30m2
XCkdAAH,SANTA-801,22370,1,2,ANY,2-5m2
XClzAAH,SANTA-885,9300,3,4,ANY,10-20m2
XCP4AAP,VILLACHICA-842,1409,1,0,ANY,N.D.
XCpMAAX,PICOTA-902,15188,2,0,ESCAPE,N.D.
XCQbAAP,QUINTANA-804,39400,1,0,ANY,2-5m2
XCUvAAP,JOSE-894,46815,2,4,ESCAPE,2-5m2
XCVkAAP,PEDRO-936,41010,2,1,CITY,2-5m2
XCW4AAP,LUNA-940,41580,2,2,VILLAGE,>20m2
XCWfAAP,CENTRAL-912,45695,2,4,VILLAGE,<2m2
XCx6AAH,CARABELAS-891,6412,2,2,ANY,>20m2
XCXRAA5,GENERALITAT-980,43500,2,4,ANY,<2m2
XKfGAAX,TEMPLETE-960,30400,2,4,ANY,>20m2
XKYSAA5,MAYOR-941,10003,3,0,ESCAPE,20-30m2
XCwVAAX,JUAN-851,24470,1,0,COUNTRYSIDE,5-10m2
XKgEAAX,RAVAL-942,43110,2,4,ANY,10-20m2
XKHvAAP,BURGO-LAMAS-921,15881,1,0,ESCAPE,N.D.
